text,label
"Hà Nội hôm nay lạnh muốn chết với tôi. Vì có việc nên tôi phải đi từ Hà Đông lên phố từ sáng sớm. Sau đó, tôi quyết định đến một địa điểm khá nổi tiếng bán món Bún Đậu Mắm Tôm này trên phố Đặng Thái Thân.
Cảm nhận của tôi là quán quá đông. Mọi người phải lấy số và xếp hàng chờ tới lượt, trong khi chỉ có 2 người làm nên thời gian chờ khá lâu. Chính vì quá đông nên thực khách không thể tự pha nước chấm theo khẩu vị cá nhân. Đối với tôi, nước chấm chú cho nhiều quất quá hơi bị chua, nên bảo trước cháu tự vắt quất. Hàng bán hết rất nhanh, nên bạn cũng sẽ không thể gọi thêm thịt hay nội tạng, giò chả nhiều hơn khẩu phần gốc, mà chỉ có thể gọi thêm đậu phụ chiên thôi.
Nhưng đừng lo, khẩu phần ở đây rất nhiều, miếng cắt cũng to, tất cả đều là đồ tự làm và rất ngon. Chúng tôi phải cố gắng lắm mới ăn hết. Đặc biệt là món dồi và tim, ra quán lòng gọi chỗ này chắc cx 50-60k. Nếu có việc tiện đi ngang qua thì chắc chắn sẽ ghé lại, bị mỗi cái quá xa nhà. 
Trong ảnh là khẩu phần cho 2 người, thêm 10k đậu phụ chiên, tổng cộng 100k. Quá rẻ so với định lượng",2
"Bánh cuốn Song Phương – 64C Đội Cấn: ăn rồi thì thôi, cũng ổn
Bánh cuốn Song Phương ở 64C Đội Cấn nghe danh thì nhiều drama, nhưng tò mò vẫn ra ăn thử xem thực hư thế nào. Quán bán khá đa dạng: bánh cuốn chả quế, chả viên, bánh cuốn trứng, kèm thêm mấy món kiểu gà tần, chim quay cho ngày lạnh.
Mình ăn 2 lần, cảm nhận chung là chất lượng ổn. Bánh cuốn tráng mỏng, mướt, không bị khô hay nát. Nhân thịt thơm, nêm vừa tay. Nước chấm pha nhẹ, không gắt, ăn rất đưa miệng.
Gọi thêm 1 suất bánh cuốn trứng, thấy trứng và nhân khá nhiều, ăn đậm đà hơn. Tổng thể 80k bữa ăn gồm 2 suất chả quế + 1 suất trứng, ngồi ngày đông thấy hợp lý, đủ ấm bụng.
Thôi thì drama để bên ngoài, còn đồ ăn ở đây với mình là ăn được, ổn định, không có gì phải lăn tăn nếu muốn tìm một quán bánh cuốn nóng cho ngày lạnh Hà Nội. #ăn_uống_là_phải_tử_tế #bản_đồ_ẩm_thực_Việt_Nam",0
"Pi thái hủ tiếu Thái Lan - không bao giờ quay lại
Lần đầu trải nghiệm ăn thử hủ tiếu ở đây xem khác gì so với hủ tiếu bình thường. Chưa bao giờ thấy đồ ăn lại tồi đến như này. Mình ăn bát 80k tomyum mà đc 1/2 quả trứng lòng đào, 1 con tôm bé như ngón tay út, 1 miếng mực bé xíu, bé lắm luôn ấy - màu trắng nhỏ xíu góc bát đó ạ, tôm mực lại còn ko tươi. Khác hẳn so với hình ảnh quảng cáo và các bài đăng 5 sao đánh giá trên page. Nhìn hình đã chán, mà cái nước dùng còn chán hơn, như vị của gói gia vị mì tôm chua cay.
Làm ăn ko có tâm, nói 80k ko to, nhưng cũng ko bé đến mức nhận cái bát đồ ăn như này",0
"Pi thái hủ tiếu Thái Lan - không bao giờ quay lại
Lần đầu trải nghiệm ăn thử hủ tiếu ở đây xem khác gì so với hủ tiếu bình thường. Chưa bao giờ thấy đồ ăn lại tồi đến như này. Mình ăn bát 80k tomyum mà đc 1/2 quả trứng lòng đào, 1 con tôm bé như ngón tay út, 1 miếng mực bé xíu, bé lắm luôn ấy - màu trắng nhỏ xíu góc bát đó ạ, tôm mực lại còn ko tươi. Khác hẳn so với hình ảnh quảng cáo và các bài đăng 5 sao đánh giá trên page. Nhìn hình đã chán, mà cái nước dùng còn chán hơn, … See more",0
"Hà Nội hôm nay lạnh muốn chết với tôi. Vì có việc nên tôi phải đi từ Hà Đông lên phố từ sáng sớm. Sau đó, tôi quyết định đến một địa điểm khá nổi tiếng bán món Bún Đậu Mắm Tôm này trên phố Đặng Thái Thân.
Cảm nhận của tôi là quán quá đông. Mọi người phải lấy số và xếp hàng chờ tới lượt, trong khi chỉ có 2 người làm nên thời gian chờ khá lâu. Chính vì quá đông nên thực khách không thể tự pha nước chấm theo khẩu vị cá nhân. Đối với tôi, nước chấm chú cho nhiều quất quá hơi bị … See more",0
"Mỗi người một trải nhiệm thôi, k thể vì trải nhiệm của người này k tốt mà đánh giá tiệm là làm ăn k tốt dc. Mình chỉ là khách hàng, ko quen biết gì tiệm nhé, nhưng mình đặt ở đây đến chục lần rồi mà chưa lần nào phải phàn nàn gì hết. Lần nào gửi mẫu tiệm cũng dặn trc là chỉ làm dc đến 70% nhưng nhận về mẫu nào cũng ok. Nên sn con, cháu, ông bà hay bạn mà cần mấy mẫu lạ mình cũng đặt ở đây. Hoan hỉ ạ",0
"Nhà này bột vẫn hơn hẳn, bột mềm, mướt, ko chua. Còn định lượng 1 đĩa bánh thì quán này vẫn thế, ai ăn khoẻ thì 1người/2 đĩa. Bánh ít nhưng nhân thịt mộc nhĩ đầy đặn, ko bị độn mộc nhĩ đâu, hành tự phi. Mắm nhạt thì thêm mắm cốt vào thôi bạn, hàng này thâm niên bao năm rồi, nhiều nhà hai thế hệ ăn ở đây. Với mình thì nó vẫn là top nhưng quán ngon",2
"Điều tối thiểu khi khách đặt bánh có kim tuyến là sẽ k viết được chữ lên vì sẽ bị trôi chữ ấy =)))) nhg shop k hề báo với khách. Có sự thay đổi cũng k báo lại với khách. Có thể đổi cho khách sang bánh khác nhưng vẫn mẫu đấy, khách có thể chọn vẫn có kim tuyến mà viết chữ ở khay, hoặc là đổi sang giấy đốt để viết lên mặt mà. Cách xử lý quá tệ lun",0
"Bún đậu mắm tôm nhưng mắm tôm nhà này ăn vừa nhạt vừa chua + cay xè lưỡi. Được cái suất đầy đặn còn có tim (lượng tim 1 phần thì gan phải 5 phần, gan vừa dày vừa nhiều
), nhưng ngồi vỉa hè mà phía bên gốc cây nó khai thôi nhé cuộc đời luôn, mà chỗ phía gần cô chú thì hay hết chỗ. Nói chung là mua về thì được chứ ngồi lại không ổn lắm",0
"vấn đề 1 là shop sai vì không báo về việc viết chữ ,vấn đề 2 là bạn tìm ảnh chiếc bánh rắc kim tuyến chứ không hề đòi hỏi(đốt ra chữ,đốt dc....) và nếu bánh đốt thì chỉ có mặt giấy chứ không thể làm có chữ ở mặt nữa ,vấn đề cuối shop sai vì làm ăn thiếu trách nhiệm còn bạn quá mơ tưởng.Còn hình bánh chỉ thiếu mỗi chữ k khác gì!!!!!!",0
"Khuyên chân thành các b đừng chọn mẫu thổi kim tuyến vì cái bột kim tuyến ý chỉ rắc tí ti thì tạm chứ rắc nhiều để thổi thì ối giời ơi lắm, ko đảm bảo ATTP đâu, cả loại giấy đốt nữa, giấy fake khói khét lắm hỏng hết cả kem trên bánh. Những kiểu theo trend này chỉ làm bánh giả để quay chụp thui, bánh để ăn thì né đi nhé",0
"Trước mình rất hay đặt ở đây, chắc pải ủng hộ shop này 4-5 năm rồi. Nhưng tới năm ngoái đặt bánh tới 2 lần shop làm ko giống mẫu. Chắc trước chủ làm còn sau này nhân viên làm. Từ năm nay mình cx ko đặt nữa
. Lúc nào feedback cx nhận được mã giảm nhưng lần sau đặt làm vẫn méo giống mẫu.",2
"Chuẩn, mình được bạn rủ đi ăn 1 lần, thấy topping hơi dở so với kỳ vọng. Vậy nên mình chưa bao giờ có ý định quay lại. Mình nghĩ nếu quán đọc được nên cải tiến chất lượng nguyên liệu vì thực sự để tồn tại trong ngành F&B ở Hà Nội rất khốc liệt.",0
Gọi xuất cơm với canh tomyum k khác gì bát cơm chan với canh chua nó chán vô cùng mới ăn trưa nay k bao giờ quay lại!tôi còn nghĩ trong đầu thế này mà cũng nghĩ ra là 1 món rồi bán cho khách với cái giá mấy chục nhìn 1 xuất sợ quá!,0
"Trc có đặt bánh 3 lần của shop vì gần chỗ tổ chức sinh nhật, đúng là lần nào mình yêu cầu cũng đều làm không đúng yêu cầu của mình, cũng không nhắn check lại bánh hay hỏi là làm khác đi được không, khi nhận bánh hơi hụt hẫng ấy.",0
Cũng ổn mà ta. Nếu ko viết chữ lên dc thì shop có thể tư vấn đặt vương miện phụ kiện lên cho đỡ trống. Quay video đội vương miện lên thổi kim tuyến ta nói siêu bling bling. Còn khoản giống có 30% thì chắc chủ top hơi khắt khe r,2
"chữ trên bánh này là chữ mica đó, k phải chữ viết đâu. Người trực page k biết nên cứ nhận chứ ai làm bánh nhìn là nhận ra ngay. Chữ này đặt lên mặt kim tuyến được nhưng đặt làm riêng nên đắt lắm
Khách chịu chi thì ok",2
Mọi người toàn ăn bánh cuốn với nước mắm nguyên chất hay sao mà toàn chê nước mắm nhạt vậy. Người ta để riêng nước mắm nguyên chất dành cho người ăn mặn mà không biết đường cho vào còn bắt bẻ,0
"Góc chê
Bánh cuốn Bà Xuân - Hòe Nhai
Trên hình là 2 suất bánh cuốn chả cốm.
Đĩa bánh cuốn như kia chắc phải đớp 2 đĩa mới vừa vừa, được có vài miếng, đếm kĩ chắc được tầm 6 gắp.
See more",2
Dở nhất trong các thể loại dở. Ăn cái vị ngang kinh khủng ko hiểu sao mở toàn tiệm to đùng. Nói ko ngoa hôm đó bỏ đi thì tiếc gắp mấy miếng thịt ra cho gâu gâu ăn gỡ nó hửi rồi quay đít đi,0
"Bánh cuốn Song Phương – 64C Đội Cấn: ăn rồi thì thôi, cũng ổn
Bánh cuốn Song Phương ở 64C Đội Cấn nghe danh thì nhiều drama, nhưng tò mò vẫn ra ăn thử xem thực hư thế n… See more",0
Update: Shop đã gọi điện cho mình để xin lỗi và gửi tiền bồi thường. Sau lần này mình nghĩ shop cũng sẽ nghiêm túc xem xét và vận hành chuyên nghiệp hơn. Các khách mới … See more,1
Giống nhà mình đặt bánh ở Hunnie cake bảo màu xanh da trời + trắng ship đến mie màu hồng xong cũng bài kêu xl giảm 10%. Mình cũng ko thèm lấy 10% luôn làm hỏng cả buổi sinh nhật.,0
"Theo mng 70k đĩa này có hợp lý ko ạ ?
Hôm qua mình mới đi ăn lại quán chân gà nổi tiếng ở đầu Lý Văn Phức. Trước đó mình ăn khá nhiều lần nhưng lần này có vẻ hơi khác",1
"Mình cug k thấy hợp khẩu vị ở đây , hay ăn ở tvv hoặc mặt phố ng công trứ hơn. Tiện thể hỏi các bác có quán bánh cuốn nào vỏ mỏng mềm, dẻo mướt, hành tự phi k ạ",2
Sao một chuyện đơn giản là xử lý bồi thường ngay tại chỗ mà rất nhiều nơi không biết nhỉ? Khách đã không hài lòng rồi lại còn tặng voucher cho lần sau,0
"Chuẩn luôn b =))) quả nước dùng lờ lợ.. ăn 1 lần là tạm biệt luôn
đúng mùi gói gia vị mì tôm chua cay của omachi, chả hiểu Thái cái chỗ nào =))",2
Ngon dở ko nói nhưng 90k mà còn chê đắt thì mời về nhà tự làm mà ăn bạn ơi :))))). Sợ thậc. 35k/suất mà còn kêu đắt thì ko ăn đc cái qq j đâu,0
Sao sợ mấy shop gửi voucher giảm giá cho lần sau quá. Làm kh thất vọng thế thì làm đéo gì còn lần sau :)))) “lời xin lỗi chân thành” cười ẻ,0
Vấn đề bánh đốt được không thì khi đặt hàng chủ top có yêu cầu là đốt đc k . Chứ nếu k yêu cầu thì làm sao quán biết để mà bảo khách nhỉ,0
"Sống ở Hà Nội bao nhiêu năm chưa 1 lần ăn bánh cuốn Hà Nội, mỗi lần muốn ăn bánh cuốn là lại đợi dịp về quê Tiền Hải - Thái Bỉnh để ăn",2
"đông nhưng được cái cô chú ý cũng chiều khách, mà theo thứ tự rõ ràng, nên chờ không bị ức chế, chứ ăn uống cứ toán loạn lên mới ức",0
Ở đây bánh ngon nhưng đúng là nước mắm chấm quá tầm thường. Đắt so với thị trường. Con nhà e tráng miệng cũng phải 2 suất,2
có ai thấy cốt bánh ăn chán v k ạ=))) kem cũng k giống whipping kbiet tiệm dùng kem gì? ăn chả khác bánh công nghiệp,0
"35k/suất, 2 suất + đĩa chả 20k là bt mà nhể? E ăn ở đây thấy ngon, bánh mềm. Nước mắm nhạt thì tự chế thêm mắm vào?",2
"Mẫu này và giấy đốt , hàng tốt thì mắc , hàng fake k đảm bảo sk , ai nói gi mình cũng đc , với m sk là trên hết",0
"mình đặt cốt socola thì làm matcha, xong dặn viết chữ thì cũng làm sai, r lại đổ tại nvien mới =)))))))))))",0
Mà cái hàng này kem topping nhưng giá gần bằng bánh dùng kem whip. Cái hàng Hạnh Phạm cũng thế. Đắt dã man,1
"có phải quán đầu PNT k các bác, mình ăn hủ tíu thường thấy oke mà nhỉ, nhưng đắt, 50k. Tomyum thì chán",0
Phải ăn bát hủ tiếu ở những quán khác (1 số quán vừa mồm) mới thấy hủ tiếu ở đây thực sự ko đáng tiền,2
Hà nội kiếm dc hàng ngon hơn hàng này hơi khó . Bột không bị chua nhiều hàng ăn bột cứ chua chua,0
"Thực sự vẫn không hiểu là tại sao chuỗi quán này vẫn tồn tại được. Vừa đắt vừa k ngon, chịu chết",2
"M thấy ở đây bột bánh ngon hơn hẳn các hàng khác. Nó mướt mướt dai dai mềm mềm, ăn khác bọt lắm",2
"Lúc mới khai trương ở nguyễn khánh toàn cũng đi ăn thử, mà đắt lại k ngon ý, thấy hơi phí tiền",0
":))) ngon mà, mỗi lần 2 ng ăn toàn 3 xuất, bánh mềm mướt nt cũng chê. như t là t chẳng chê j.",2
"mình đặt bánh ở Mup cho sinh nhật con thấy oke mà nhỉ, bánh xinh giống hệt mẫu
chắc do b xui",2
Bình thường đi mua sườn nó cũng đắt rồi...đây ăn hàng thì chấp nhận(ko nói đến ngon hay ko),2
:)) gia vị này mà kêu gói gia vị mì tôm chua cay là xúc phạm vì tôm chua cay đó bạn ei :))),1
"Lòng luộc ntn ngon hơn, các quán khác lòng dồi rán ăn quắt queo quá bác xong còn khô",0
"Hà đông bác qua Hoàng hoa thám ăn ngon luôn , đi lên tận gần nhà hát lớn làm gì bác",2
"Nhà em 28k chỗ này no nê ạ
số 16 ngõ 44 Hào Nam, 6-10h sáng, T3-CN, kính hội ạ",1
Bà ghé chi nhánh nào chứ tui đi chi nhánh ggm tô này 70k mà topping cỡ v nè,1
"Riêng t, chỉ khuyến mãi ms qua, chứ bình thường đắt lòi, ăn ko bõ dính răng",1
90k kêu đắt thì bác mua hộ em cái nhà trên phố cổ để e bán hàng với :))),1
Miếng dồi nhà này đẫm lệ thật sự. Lại còn có cả tim heo luộc mà rẻ vđ,1
"Thử ăn của quán này ở quận 6 đi, hôm trước đặt App ăn thấy OK lắm mn",2
"Đc cái trà thái ngon, mình toàn đến quàn mua trà sữa thái chai 1l",2
"Cũng k hỉu sao vừa đông vừa đắt … nc mắm nhạt thật, bánh thì ít",1
Quán này có drama ji vậy các bác???? . Quán này ăn cũng ổn mà,0
"may quá suýt đặt chỗ này, sao tiệm hot mà vô trách nhiệm quáa",0
Ăn thử đợt mới mở ở PNT. Đúng kiểu vừa đắt vừa chán :))))))),0
"Không nói về việc cháy hay không, mình nói về định lượng thì",0
"Giá đắt mà đồ ăn lèo tèo lắm. Hủ tiếu ngon, nước dùng ngon.",0
Nguyễn Thuý HằngThu Bo sao thấy chờ lâu mà đc cái ko ngon,0
"ôi vãi, hôm qua mình vừa ăn bút 80k và suy nghĩ y hệt :))",1
"theo cháu thì bao tiền thì hợp lý Văn Khánh, cháu quê đâu",1
Bánh này đúng kiểu bánh cưới năm hồi ấy . Trắng tinh :))),1
"Quán này gần nhà mình mà có 60k 1 bát, ăn chuẩn vị Thái",2
"Trước ăn ngon lắm,ko hiểu sao bây giờ chán ko nuốt nổi",0
"Trái tim khuyết tật vl, làm xấu v cũng dám bán hay ghê",0
"Ở SG ăn ngon nha , đặt qua app , dùng mã cũng rẻ nữa",2
Nguyễn Tiến tự nhiên nhớ sáng sớm ở Nguyễn Tuân =))),1
Món này có ngon đâu nhỉ. Thà ăn bún hải sản còn hơn,2
quán này vừa đắt vừa tệ vô tình ăn 1 lần mà sợ luôn,0
Chỗ này tạm tính hơn 1 lạng . Trừ khấu hao đi 20%,1
bánh mình làm có 200 size 18 tròn cắt ra đẹp chán,0
"35k 1 suất 2 cái chả 20k,con thế nào nữa bro????",1
Minnie Hoàng htrc mình đặt quán này thì phải,1
"Góp vui với bác, nhưng bánh này đặt nhà khác",1
Thua tô bún hải sản 50k có tôm bề bề chả cá,1
Làm gì còn lần sau mà shop gửi voucher :)),1
Chuot Xinh Trangg Trang sướng nhé các chị,2
"Ui công nhận, ăn ko ra cái gì luôn đó :((",1
chủ top ơi mình xin địa chỉ cụ thể với ạ,1
Có phải quán đầu Phạm Ngọc Thạch ko bạn?,1
"Bánh mẫu sang chảnh, bánh shop sang chấn",1
mấy lần định rẽ vào ăn mà đông quá bác ạ,1
"60k 1 bát như này, ăn đẫm lệ luôn bác ạ",1
Công nhận ăn chán :)) đắt vcđ mà chán,0
Quán này bà chị chủ quán sởi lởi lắm,1
Trang Nguyễnn này nọ mình ăn đó hả,1
T thấy ăn ok mỗi tội lèo tèo thật,0
Là 1 ng làm bánh m nói KHÔNG với,0
Chắc mỗi t thấy bánh chán từ xưa,0
Mẫu này sốp lấy bạn bn vậy :))),1
Giá sườn nóng : 180 … See more,1
Đoán vội cost bát này 5k :))),1
đồng ý là ăn ko ngon nha :)),0
2 xuất 2 chả thì có j mà đắt,1
Phố này ở chỗ nào thế top ?,1
Ăn bát 95k vớt 3 đũa là hết,1
Lê Lan Anh hnao hẹn hò nha,1
Bánh cuốn Yên Phụ ngon hơn,2
k hiểu sao cmt bị từ chối,1
Ai chê đừng ăn nữa là đc,1
Mà còn đắt. Khs vẫn đông,1
Trời dở ẹc mà đắt :))),0
Bán ntn k thấy ngại hả,1
Kiếm tiền dễ thật :)),1
Chỗ này dở thiệt sự,0
lúc đ nào cũng xl,1
Quán này ngon đét,2
Ám ảnh kinh hoàng,0
Toai khum cô đơn,1
Bánh xấu thê.,0
quán láo thật,1
Nguyễn Đức Hùng cơm gà của e này,1
"Kb do khẩu vị mình khác mn hay sao
Thấy mn khen rầm rộ quán cơm Hồng Gia trên nhóm nên đặt thử ăn cũnh bình thường mà nhỉ. Hôm tiện mua ở quán Mạnh Tồ ở Ng Du kéo dài mà ăn ngon vch. Nay đặt về cả nhà cũng khen. Mn ăn thử xem =)))",2
"Dona Garden khu đồng lẻ, phố Chu văn an, băng 2 nguyễn du kéo dài ( cafe buýt 19 cũ) .. sau lưng nhà hàng Phú Ông ak.",1
ăn chán kinh,0
Ngon nhất việt trì chỉ có g100 của thằng quan thôi. Ngon đến nỗi đi qua quán vắng tanh,0
"Lối xưa ạ
mình có nhận chụp máy ảnh fuji và canon giá hạt rẻ 3xx ạ .",1
E xin menu,1
Đối diện ngõ quán Sành 1990 vào 150m… See more,1
ngon như có ruồi,2
Nguyễn Minh Hiềnn,1
Quán này ngon,2
"Đông lắm r, đừng review nữa b ơi kẻo đến ko có đồ ăn :))))",1
Mn cho mình xin info quán cafe chụp áo dài đẹp với ạ,2
Cơm ngon thật nhưng 1 lần ăn phải trứng ốp thiuu. Nhắn tin cho shop cũng chả thấy phản hồi lại lấy 1 câu nên từ đấy cạch luôn,0
E cũng thích cơm nhà này,2
hồng gia cơm rang ngon,2
#RVVT Cơm gà ngon nhất Việt Trì trong lòng bạn là quán nào?,2
cơm rang nhà b này ngon đỉnh chóp luôn . t ăn từ hồi mới mở tới giờ lên tận đền hùng vẫn gọi ship lên,2
G100 la số 1 nhe b,1
"#RVVT Cơm gà ngon nhất Việt Trì trong lòng bạn là quán nào?
Mình trước nhé: Cơm Hồng Gia, Châu Phong (Gần BV tỉnh, cạnh Bee Anh quán)",2
M thấy trc ngon hơn.giờ như đổi chủ hay sao mà thấy bt,2
Thủy Dona Em gửi đc quán ak,1
"E hay ăn ở đây. Thấy ngon , trẻ con nhà e thích lắm",2
"E cũng hay ăn nhà này
mà hay ăn xá xíu chưa ăn gà Bh",2
E xin dchi,1
E muốn xin số de đặt ship dk k ạ,1
Quán này công nhận ngon,2
G100 nhé b thấy trc cửa biển ghi là cơm rang gà ngon nhất vtri,2
"Phùng Hường Bầu pizza ạ
cơm gà ngon nhất trong lòng em cơm ngon gà ngon salat ăn kèm cũng ngon ạ !",2
Bao nhiêu châu phong ạ,1
Mạnh Toànđây e,1
Quán này ạ mới mở ạ,1
Tự quán rv à :))),1
"Mình trước nhé: Cơm Hồng Gia, Châu Phong (Gần BV tỉnh, cạnh Bee Anh quán)",1
Đối diện ngõ quán Sành 1990 vào 150m,1
"Có ship k ạ, ai có sdt cho e xin với",1
Em xin review buffet hải sản ngon ở việt trì với ạ,2
quán này ăn xá xíu với sườn ngon mà,2
"công nhận nha, cơm nhà này ngon, nước lá ngon ngọt nữa",2
E cũng thấy ở đây ngon nhất,2
Cũg hay cơm này cơ mà thấy đợt trc ngon hơn ý .,2
"Ăn 1 xuất mãi ko hết, đĩa to ú ụ",1
Quán cơm gà Dũng râu mình thấy rất ngon,2
6 đau 6 đớn,1
"Ảnh mẫu là bánh tặng cháu, Bánh real ngoài là mẫu tặng bà",1
Quán này bị bóc phốt liên tục mà,0
Mọi người vào nhóm săn vé nha,1
chời ơi. mấy bông hồng chụm lại thui đẹp dã man mà thay bằng hoa hoét gì như kiểu ra thùng rác nhặt bỏ vào,2
"Cảm nhận của tôi là quán quá đông. Mọi người phải lấy số và xếp hàng chờ tới lượt, trong khi chỉ có 2 người làm nên thời gian chờ khá lâu. Chính vì quá đông nên thực khách không thể tự pha nước chấm theo khẩu vị cá nhân. Đối với tôi, nước chấm chú cho nhiều quất quá hơi bị … See more",0
14 cơ sở và bánh của mình được ship từ cơ sở Hồ Tùng Mậu nha :)))),1
Siêu rcm tiệm https://www.facebook.com/share/1AF5P51kMA/ shop nói chuyện dễ thương vchh làm cũng đẹp bánh ăn ngon,2
"Mình mua 1 lần xong lầm lỡ thanh toán tất không hủy được. Ối dồi ôi lắm bánh mẫu 10₫ bánh nhận 1₫ đã thế còn đắt, nhân viên thì thái độ đặt giao lúc 15h nma mãi 17h30 mới nhận được. Đặt 1 lần mà sợ tới già",0
Phương Phương may chưa đặt lần nào. Trc có lần ngó bọn này đấy,1
"Góc cực chê - “Tiệm hoa của gió” =))
Chị gái mình đặt bánh tặng mình, mẫu bên trái chính shop đăng và bên phải là mẫu mình nhận được.
Sau đó chị gái mình có claim thì shop xoá comment, rồi nhắn cho chị mình là “nhân viên đặt nhầm hoa sang và mong khách thông cảm”, và chỉ dừng lại ở đó chứ ko hề nói gì thêm là xin lỗi hay có ý đền bù =))))
Chưa kể đến việc hoa khác màu, bánh mình nhận được là sự mất tích của những quả việt quất, có lơ thơ mấy quả nho và màu lem hết cả ra. Càng c… See more",2
"Bà ơi. Dù tôi chưa đặt bánh tiệm này và cũng chưa gặpp phải trường hợp làm ăn vớ vẩn ntn. Nhưng mà chúc bà sinh nhật vui vẻ nhé. Tôi recommend bà đặt bánh sn tiệm Nhung Cake - Tiệm Bánh Handmade - Bánh Sinh Nhật , năm nào tôi cũng đặt bánh ở đây, vừa xinh vừa ngon, giá cả phải chăng. ( Tôi ko nhận tiền qc đâu nhá) . Sinh nhật vừa rồi tôi cũng tự tặng bản thân 1 hộp bánh và hoa kiểu kiểu vậy ở tiệm này nè",0
Tưởng đâu mới lụm hoa ở thùng rác vào cắm Trang ạ,1
"Cảm nhận của tôi là quán quá đông. Mọi người phải lấy số và xếp hàng chờ tới lượt, trong khi chỉ có 2 người làm nên thời gian chờ khá lâu. Chính vì quá đông nên thực khách không thể tự pha nước chấm theo khẩu vị cá nhân. Đối với tôi, nước chấm chú cho nhiều quất quá hơi bị chua, nên bảo trước cháu tự vắt quất. Hàng bán hết rất nhanh, nên bạn cũng sẽ không thể gọi thêm thịt hay nội tạng, giò chả nhiều hơn khẩu phần gốc, mà chỉ có thể gọi thêm đậu phụ chiên thôi.",2
"Shop có những lời lẽ đe dọa mình và lấy sđt của mình để đặt hàng rất nhiều. Nếu shop vẫn đang đọc cmt của post này, thì hãy cư xử như cách shop viết trên page, đừng vô học như thế.",1
May hôm trk hỏi giá mãi k báo cứ bắt gửi mẫu xem trk nên k mua kkk,1
"Thủy cung Lotte Tây Hồ,Thủy cung Timescity, funnykid,CGV",1
Xấu tàn canh gió lạnh ạ,0
"Hà Nội hôm nay lạnh muốn chết với tôi. Vì có việc nên tôi phải đi từ Hà Đông lên phố từ sáng sớm. Sau đó, tôi quyết định đến một địa điểm khá nổi tiếng bán món Bún Đậu Mắm Tôm này trên phố Đặng Thái Thân.",1
Hình kia của Tiệm Chanh chứ nhỉ,1
Hình chắc nó lụm shop khác òi,1
Tui buồn cười cái bánh hơn á.,1
"Trong ảnh là khẩu phần cho 2 người, thêm 10k đậu phụ chiên, tổng cộng 100k. Quá rẻ so với định lượng",2
Đúng là tiệm của gió nên mới ăn đằng sóng nói đằng gió,1
Chúc mừng sn dì Trang nhó,1
Trong nhóm đang pass vé thủy cung rẻ 50-60k/1 vé,1
Dạo này có nhiều shop do mấy chị rửng mỡ mở ra kiểu chỉ cần bán hàng 1 lần ấy nhỉ? Tiền thì vẫn nhận đủ nhưng giải quyết khiếu nại thì phải theo cái nư của chủ shop :)),1
Bui Ng Thi Huong m review ảnh bánh hoa a làm cho m xem thế nào,1
"Gió này là gió độc rồi , note 1 cái black list để né",1
"Êu ơi, năm đó tui k bóc phốt nên giờ có ng bóc nè, hồi đó mua tặng ny cái bánh xấu ẻ, ngại hết người, ôb chấm hộ để tôi tìm lại cái ảnh",0
"Âyyyy. Tiệm này hôm sn mẹ, chúng mình đặt bánh size 18. Họ ship nhầm size 14. Lúc sau phản ánh lại. Mà 9,10h đêm r. Họ ship bù 1c 18 free luôn nè :)))",1
Shop này phốt nhiều rồi mà bạn. May có lần định đặt xong thấy phốt ấm ức của các bạn nên mình tránh dc. Mà chạy ads ác liệt ;)),1
"Nhưng đừng lo, khẩu phần ở đây rất nhiều, miếng cắt cũng to, tất cả đều là đồ tự làm và rất ngon. Chúng tôi phải cố gắng lắm mới ăn hết. Đặc biệt là món dồi và tim, ra quán lòng gọi chỗ này chắc cx 50-60k. Nếu có việc tiện đi ngang qua thì chắc chắn sẽ ghé lại, bị mỗi cái quá xa nhà.",2
Shop này chủ + nvien toàn côn đồ à =)),1
"Shop đã liên hệ xin mình gỡ bài nhưng mình ko thiếu nha và mình cũng ko bao giờ xoá bài, nếu bài này bị xoá thì chắc shop report :)))",0
Shop đây các bà nha :)))) tôi quên mất phải cap lại nhanh ko page block tôi nhanh như cách shop xoá cmt của chị gái tôi,1
"Li Ly chả bù nhà m thì cứ soi giống tí 1
k giống chỗ nào là lăn tăn chỗ đó",1
Nhu Y Pham xấu hơn cả mình tự làm :)),0
CUỐI NĂM MAY MẮN – BỐC THĂM RINH ĐIỆN THOẠI,1
"Về không gian ở đấy thì ko phải bàn. Còn tùy nhu cầu, sở thích và kinh tế của gđ. Bác cứ liên hệ trực tiếp quán họ tư vấn hợp lý cho ạ.",0
𝟓 𝐋𝐨𝐚 𝐁𝐥𝐮𝐞𝐭𝐨𝐨𝐭𝐡 𝐠𝐢𝐚́ 𝟏𝟒𝟎𝐊– Âm thanh sống động cho mọi cuộc vui,1
Trần Trần Ngọc Linh đảm bảo ngon,2
Mk xin dchi,1
"Địa chỉ: Mầm Non Sunshine School, 215 Quang Trung-Nam Định",1
0𝟏 Đ𝐢𝐞̣̂𝐧 𝐭𝐡𝐨𝐚̣𝐢 𝐕𝐢𝐯𝐨 𝐘𝟎𝟒– Giải thưởng cực chất,1
"Nay e uống cốc này thấy cũng ngon mà rẻ có 25k , nên muốn tìm thêm 1 vài qu… See more",2
B mua cốc trên ở đâu dị,1
Tsua cốm uống A18 đi c,1
______________________________,1
Còn có món cốm sữa lá dứa cũg ngon lắm nhé ace mà có 20k,2
Với giá 25k thì uống nhà Hoàng này cũng ok. Nhưng mức giá tầm 35-40k thì uống của c Thanh Loan (good food) lê hồng phong hoặc c Châm Nam chợ năng tĩnh thì ngon hơn nhiều nhiều nhé.,2
#BocThamTrungThuong #TheGioiDiDong #NamDinh #GiamGia #QuaTang #KhuyenMai,1
Maii Thùyy Linhh ngon nha b,2
B tham khảo quán mình nha,1
"Mn rec quán Mline nhiều nhưng chiều tối em đi qua lúc nào cũng thấy đóng cửa
sốp còn bán nữa không ạ",0
Miễn phí 2 tháng học trải nghiệm khi đăng ký cho bé học tại trường.,1
Nhà c Châm Nam e nhé,1
Mai Thùy Linh siêu ngonnn,2
Mời b ghé thử quán tại 265 Hàn Thuyên - đối diện chùa Cả ạ,1
Giải thưởng siêu hấp dẫn:,1
Duy nhất từ 01/01 - 10/01. Đừng bỏ lỡ!,1
Mai Thùy Linh đây ạ,1
"Trà sữa cốm ở Mooncha đi b ơi, có Gạo rang kem cốm và olong kem cốm ạ, giá đều 25cá ạ",1
SIÊU ƯU ĐÃI ĐI KÈM:,1
Gà ủ muối nửa con nhà mình 63k. 90k và 98k,1
𝟏𝟓 𝐒𝐚̣𝐜 𝐝𝐮̛̣ 𝐩𝐡𝐨̀𝐧𝐠 𝐠𝐢𝐚́ 𝟖𝟎𝐊 – Năng lượng mọi lúc mọi nơi,1
Xưởng nhà e mới có trà sữa cốm rồi nha các bác ưiii,1
"Mọi người giới thiệu e 1 vài nơi bán trà sữa cốm với ạ , e thích nó ít trà , ngậy , béo béo",2
Thời gian áp dụng: 17h ngày 10/01/2026,1
"Đ𝗶𝗲̣̂𝗻 𝘁𝗵𝗼𝗮̣𝗶, 𝗟𝗮𝗽𝘁𝗼𝗽, 𝗠𝗮́𝘆 𝘁𝗶́𝗻𝗵 𝗯𝗮̉𝗻𝗴 𝗚𝗜𝗔̉𝗠 Đ𝗘̂́𝗡 𝟯𝟬%",1
Nhà c Châm Nam bạn nhé,1
"Cốm liên hệ e nha , e có chuyến mới vào t7 , ai lấy gì nhắn e ạ",1
Mng cho em xin fb chị này được k ạ,1
Mời bạn ghé thử trà sữa cốm của nhà mình ạ. A18 Coffee &tea -19 Trần Tế Xương( đối diện bờ hồ ) ạ,1
Xin địa chỉ bán gà luộc nửa con với ạ,1
Maii Thùyy Linhh cốm ngongg nha bác,2
@quán cô bé ngã 6 năng tĩnh,1
Trà sữa cốm thì chưa uống quán nào ngon hơn của c Châm Nam,2
Mở ví Kerdivo giảm ngay 1 triệu,1
Mỗi chị nhón 1 thứ đi e tặng ạ,1
"Quán phở trường đối diện sân
dệt",1
Maii Thùyy Linhh bạn ơi ngon xúc sắc,2
Goofoo Lê Hôg Phong cg có b,1
e là rất đỉnh,2
E xin ít review ở làng cổ gia hưng ạ . E tổ chức sn kb gọi món như nào cho hợp lí,1
𝐋𝐢̀ 𝐗𝐢̀ Đ𝐚̂̀𝐮 𝐍𝐚̆𝐦 - 𝐓𝐚̣̆𝐧𝐠 𝐍𝐠𝐚𝐲 𝟓 𝐓𝐫𝐢𝐞̣̂𝐮,1
"Áp dụng cho 15 học viên đầu tiên, ba mẹ nhanh tay đăng ký để không bỏ lỡ!",0
Số 10 Nguyễn hiền Nam Định,1
"Nhằm tri ân quý khách hàng đã luôn tin tưởng và ủng hộ, 𝐓𝐡𝐞̂́ 𝐠𝐢𝐨̛́𝐢 𝐝𝐢 đ𝐨̣̂𝐧𝐠 𝟐𝟓𝟖 𝐇𝐚̀𝐧 𝐓𝐡𝐮𝐲𝐞̂𝐧 tổ chức chương trình 𝐁Ố𝐂 𝐓𝐇Ă𝐌 𝐓𝐑Ú𝐍𝐆 𝐓𝐇ƯỞ𝐍𝐆 𝐯𝐨̛́𝐢 𝐧𝐡𝐢𝐞̂̀𝐮 𝐩𝐡𝐚̂̀𝐧 𝐪𝐮𝐚̀ 𝐠𝐢𝐚́ 𝐭𝐫𝐢̣",2
"Tiếng Trung - IEC Nam Định Bạn nào đang tìm chỗ học tiếng Trung thì tìm hiểu ở đây nha
Lớp ít người, giáo viên kèm sát từng bạn
Chưa đạt là được học lại miễn phí luôn",1
"Mọi người giới thiệu e 1 vài nơi bán trà sữa cốm với ạ , e thích nó ít trà , ngậy , béo béo 
Nay e uống cốc này thấy cũng ngon mà rẻ có 25k , nên muốn tìm thêm 1 vài qu… See more",2
Góp 0% lãi suất. Đưa trước chỉ từ 20%,1
"Ngon bác ơi phù hợp ăn gia đình có người lớn tuổi , có lẩu các món lẻ ăn ngon",2
Đ𝗼̂̀ 𝗚𝗶𝗮 𝗗𝘂̣𝗻𝗴 𝗴𝗶𝗮̉𝗺 𝘀𝗮̂𝘂 đ𝗲̂́𝗻 𝟱𝟬%,1
Nhà Bùi Tuyết vs chị Thanh Loan nhé,1
B mua ở đâu có 25k vậy?,1
Địa chỉ : nhà hàng dê Thái số 19 lô 6B Lê Hồng Phong - Ngô Quyền - HP,1
"Người độcc thân lại ghé nhà hàng Dê Thái Lê Hồng Phong đây 
 – phải nói thật là nhớ… nhớ nhất cái mùi dê thơm nức mũi từ ngoài cửa 
… See more",2
Mình cũng cần mua cho 2 em cún,1
"bẹ dê chiên đậu bắp nghe lạ mà ăn cuốn lắm, giòn bên ngoài – béo bên trong, chấm chao ngon giòn ”",2
"chuẩn luôn bạn, ai k0 ăn thì thanh lý mình mua mình ăn",2
Mình bảo để đây cũng chả ai dám mua trừ mua cho cún,1
Ớt xinh store 60 Quang Trung- 373 Ngô Gia Tự Hải phòng,2
"thực ra là vi khuẩn chết rồi, nhưng độc tố thì vẫn còn, ăn vào kk bị đau bụng nhưng độc tố lưu lại trong cơ thể gây ung thư
đó là lý do họ có thể nhẫn tâm nhập tp bẩn để chế biến vì biết là ăn sẽ kk chết ngay đc",0
Ai có thì đem tiêu huỷ hết đi chứ đừng bán cho nó mất công nó bán hàng lại rồi lại đầu độc mình ko biết được đâu . Với lại đừng cho chó mèo ăn đã là dịch bệnh thì ảnh hưởng đến con người thì cũbg sẽ ảnh hưởng đến động vật thôi !,0
"1 phút Review chỗ có GIỎ QUÀ TẾT đẹp và uy tín nhất HP đi nào cả nhà ơi

#HRVDANHP",2
Pham Mai Anh nhà c này đẹp đồ chất lượng ạ,2
"2 loại đó là 2 loại t mê nhất
bùn thật sự",2
Bạn nào thanh lý rẻ để lại cho mình mấy hộp. Chả mấy khi thằng đệ mình có cơ hội ăn đồ hộp,1
Chủ tus k ăn để m nhé,1
Ké ai có xúc xích heo không thanh lý em mua với ạ :(((,0
Hoàng Hải Hà nha e ơi,1
Nó thay tên thương hiệu khác là hết dấu vết,2
Cá sốt dầu,1
Trần Huy lên kèo,1
Có ai là fan dê giống mình không? Vào đây điểm danh xem mọi người mê món nào nhất để lần sau mình gọi cho chuẩn nha,0
Thấy bảo nấu chín và nhốt trong hộp kín là tiêu diệt đc virus,1
hôm nào team mình đi nhé,1
Người độcc thân lại ghé nhà hàng Dê Thái Lê Hồng Phong đây,1
"dê tái chanh thì khỏi bàn, thịt tươi, chua nhẹ, thơm, càng ăn càng cuốn",2
Nhà này ngon lắm.,2
"– phải nói thật là nhớ… nhớ nhất cái mùi dê thơm nức mũi từ ngoài cửa 
… See more",2
Huỷ đi thôi chứ còn bán lại làm gì hả chị? Cho con vật thì cũng ko đành. Mà nhỡ vào tay đội nào …. có vấn đề lại bóc đem bán đồ ăn nữa thì chít toi,0
"Pate e tự làm nói "" KHÔNG"" với săm bết tạo màu tạo mùi các bác ạ",0
"Đang tiêu huỷ 17 tấn, câc mẹ ko vất nhanh cho vật ăn nó lây bệnh khổ thân nó",1
Mua cho tó ăn hả e?,1
Khanh Linh Le NguyenMai Chi Do đã hoạt động 4 năm nayy,1
Cái món cá sốt dầu sao mà mình ko mê nổi,2
– phải nói thật là nhớ… nhớ nhất cái mùi dê thơm nức mũi từ ngoài cửa,2
Nhìn ngon luôn,2
Nhà tôi có con cờ hó tôi còn ko thèm lấy về cho nó ăn =))),1
Ở đại lý chỗ nhà mình vẫn bán kêu là đây thịt bò vs cá ksao cả :))),1
Bạn thu mua với mục đích gì vậy,1
ăn ngon quá ak :)))),2
Em ứng cử với,1
M cần mua cá sốt dầu? Ạ giá bn inb giúp em,1
Mời bác tham khảo nhà em nhé! Em ở cầu Niệm ạ,1
Tại sao em tl cmt mà bị từ chối dạ mọi người ơi,1
Các anh chị ơi nhà ai còn đồ hộp hạ long nhưng sợ hk dám ăn thì thanh lý lại cho em nhé,0
Cho cho chó mèo ăn xong cho con ôm ấp liếm tay chân xong nó lây bệnh cho người,1
Bản chất thì người hay vật ăn có làm sao đâu. chỉ là cảm giác ghê thôi. đang rẻ thì mua về cho mấy con nuôi ở nhà ăn cũng đc.,0
"Cái pate gan màu tím kia là mình thik ăn nhất.
giờ nghĩ vẫn thèm cái hương vị ấy",1
60 Quang Trung,1
Tk e ạ 4xx ạ,1
mình cũng muốn mua 1 ít cho cún nhà mình ăn Tết :)),1
E mua pate gan hộp tím,1
Đức Thạchch,1
"dê xào măng trúc xào tới đâu dậy mùi tới đó, măng giòn – dê mềm, ăn cuốn không kịp nói chuyện",0
Thu Anh lỡ một cuộc hẹn,1
B là sale bên công ty đúng ko:)))),1
"Không gian ngồi thoải mái, đi nhóm bạn hay gia đình đều hợp, gọi mâm dê là đúng bài luôn",0
Mình còn nhiều vì nhà bán tạp hoá nhưng bên hãng k có phản hồi thu lại. B cần rẻ nhắn m,1
Menu ở đây đúng kiểu team mê dê bước vào là hoa mắt:,2
"dê hầm thuốc bắc thì nước ngọt thanh, ấm bụng, ngồi nhâm nhi chuẩn bài",2
Lên kèo c ơi Hương Thu,1
Thanh Ngân b ơi,1
Nhưng công nhận tương ớt KFC là ngon nhất trong mấy hãng gà rán. Tuy nó k cay nhưng vẫn ngon.,2
"Vài gói tương ớt đáng giá bao nhiêu
Mình từng là fan cuồng gà rán kfc. 1 tuần mình thường đặt 1 lần. Nhưng hbua mình đặt kfc giao về, mình quyết định sẽ từ bỏ thương hiệu này chỉ vì họ nhất quyết không cho thêm tương ớt. Nhân viên tư vấn bảo là 1 miếng gà chỉ đc 1 gói. Và 1 đơn 250k chỉ cho thêm đc … 3 bịch tương ớt.
Có thể mình kẹt xỉ, nhưng là tín đồ tương ớt chua ngọt kfc và gà rán, sau khi nhận đc câu trả lời này mình thấy kfc ưu tiên gói tương ớt hơn là khách. Nên từ nay m… See more",0
"Nó là tương ớt Life, bạn mua cả chai về mà dùng",1
Phồng Tôm Minnh Thư note lại để né tiệm này. Đọc cmt nhiều ng dính lắm,1
":)))))) bạn mình đặt hôm 20/10 đặt một đường, làm vị một nẻo
cứ tưởng là nhầm, hnay đọc cmt mới biết là shop có truyền thống",1
Bnay ăn cũng chán cơ,0
Che tên kĩ quá ko biết tiệm nào mà né ra cả,1
Ôi để tên quán lên luôn đi c,1
"Ối! Thấy qc cũng hay ho, m đang định thử. Tk chủ thớt đã kịp thời lên bài!",2
Bạn tham khảo Sanho cakes ạ,1
shop này gặp kiếp nạn vs ship hay sao mà đọc cm thấy đơn nào của khách cx lí do ship làm hỏng bánh,0
Văn vở lươn lẹo kinh lên dc,1
"Cho là khúc giao trễ làm ngơ đi, tới cái bánh thì hết hồn hà",1
Bánh xấu vãi,0
Cái đế bánh như muốn long con mẹ ló ra khỏi đế lắm r í,1
Cũng dính tiệm này 1 lần,1
Update tình hình vụ việc. Hôm qua shop có nhắn qua messenger hỏi xin số mình ko dc lại nhắn cho người nhận để xin số. Người nhận ko rõ nên đã cho số. Họ xin số mình với mục đích xin lỗi. Vậy là họ đã có số mình nhưng mình KO NHẬN ĐƯỢC BẤT KỲ LỜI XIN LỖ… See more,1
Nhìn cái bánh phì cả cười :)) bằng một phép màu nào đó mà vẫn tự tin ship bánh cho ng ta.,1
Thư Trang giống bà nè,1
Này là do csch đó b. Trc t đặt bên này 1 lần bị muộn giờ nhg xl luôn nên oki . Chắc tuỳ cơ sở r,2
"Bánh xấu vd nhìn k liên quan với mẫu, ship sai giờ bánh thì bị dính vào hộp mà rep như cắn khách luôn",0
Sáng mùng 1 đọc bài lướt tới cái ảnh 2 cái bánh mà t muốn chửi thề=)),1
Nhận bánh hết hồn luôn,1
Đặt mẫu 1 đằng làm 1 nẻo,1
Tvia tvia mua ở đây suốt nhưng chưa bị sao. Bánh khá ok luôn mà đúng là nó ship k hẹn giờ đâu khoảng khoảng thôi.,0
Dương Thuỷ Tiên,1
Chọn mẫu cho khách zui chứ bánh hình ntnao là do sốp,1
"Mà hôm vưa r đặt 1 mẫu, xong trước giờ ship cũng bảo làm rơi bánh. Hình như đổi chủ hay là nvien có vấn đề ấy. Chứ e cũng đặt mấy lần r",2
Làm ăn sao ko có tâm chút nào vậy trờiiiii.,1
"Bún đậu mắm tôm nhưng mắm tôm nhà này ăn vừa nhạt vừa chua + cay xè lưỡi. Được cái suất đầy đặn còn có tim (lượng tim 1 phần thì gan phải 5 phần, gan vừa dày vừa nhiều
), nhưng ngồi vỉa hè mà phía bên gốc cây nó khai thôi nhé cuộc đời luôn, mà chỗ phí… See more",0
Ko nhầm thì shop này,1
"Bánh quá xấu, làm việc thì ẩu. M thấy đừng quá tin vào thương hiệu lạ chạy quảng cáo nhiều. Cứ những nhà homemade làm việc có tâm như Ly Phùng … thì đảm bảo chỉ có yên tâm",0
"Mình rút kinh nghiệm cứ chạy qua tiệm bánh ( fresh, orig...) quất luôn 1 cái tay xách cho yên tâm chứ ship ngày này toàn fail thôi",0
Cái tiệm này đứt dây thần kinh phân biệt hình thái à,1
"Chưa nói đến việc giao muộn , sao mẫu bánh đẹp dị mà ship cho khách xấu quá trời",0
Haha trùng hợp chạy qc ngay bên dưới luôn,1
Uyên Phan note nại để né,1
"Chạy qc mạnh lắm ý, đợt sinh nhật con mình suýt mình đặt may trời độ ko rước cục tức vào người",1
Thử 1 lần cho biết t… See more,1
Phạm Quỳnh Lâm +1 nạn nhân bị shop giao trễ hẹn quá lâu và +1 shop vào danh sách không bao giờ quay lại ạa,0
Khiếp quả bánh trông như đấm vào thị giác người ta,1
Trần Hải Yến Quỳnh Quỳnh,1
Lê Hà Giang nhiều người gặp kiếp nạn shop này,1
Bê bài này lên nhiều nhóm đi b cho mng cùng né và cạch mặt cái quán bánh lừa đảo này đi,0
Quả bánh xấu nhất mềnh từng thấy,0
tẩy chay luôn chứ ngại gì :))) shop thế này bán hàng cho vui chứ khách kệ mẹ khách,2
"vl quả bánh xanh kia mua đại tiệm nào ở đường cũng đc, đặt thế này mua bực vào ng",1
Nhìu ng dính shop này ghê,1
Mọi người tham khảo Sanho cakes ạ,1
K biết sao từ chối nên m cmt ảnh,1
PHỐT 1000 Lần r mà k ai tin vậy taaa,1
"Mọi người làm ơn đừng đặt bánh sinh nhật qua app spf nhé . Năn nỉ đấy , dm cứ đè tan tầm đặt bánh sinh nhật . Ác vcl 1 tay lái xe 1 tay ôm mấy trăm nghìn . Đc 13k mà sơ hở là vừa mất tiền vừa mất mạng",1
"Gọi thêm 1 suất bánh cuốn trứng, thấy trứng và nhân khá nhiều, ăn đậm đà hơn. Tổng thể 80k bữa ăn gồm 2 suất chả quế + 1 suất trứng, ngồi ngày đông thấy hợp lý, đủ ấm bụng.",2
"khiếp như kiểu quên đơn của khách nên lấy cớ shipper làm hỏng bánh để giao muộn, xong làm bừa 1 cái bánh để giao nên mới có thể xấu như vậy :)))))",0
"Shop này làm ăn lừa đảo đấy ạ , đợt mình đặt hoa 20/10 xong quỵt luôn k giao . Gọi cả ngày sdt sai gọi k dc . Sang ngày hôm sau mới bảo hoàn tiền nhưng cũng phải đòi gần chục lần mới hoàn . Nhiều ng đều bị , cũng có ngày shop bị phốt mình chờ ngày này lâu lắm r =))))",0
"Bánh cuốn Song Phương ở 64C Đội Cấn nghe danh thì nhiều drama, nhưng tò mò vẫn ra ăn thử xem thực hư thế nào. Quán bán khá đa dạng: bánh cuốn chả quế, chả viên, bánh cuốn trứng, kèm thêm mấy món kiểu gà tần, chim quay cho ngày lạnh.",0
"Bánh cuốn Song Phương – 64C Đội Cấn: ăn rồi thì thôi, cũng ổn",0
"Mấy shop làm ăn mất dạy nhưng vẫn đc ng tốt thanh toán đủ tiền nên chúng nó mới không rút ra bài học gì. Các bác mà bị vậy thì không chấp nhận trả nốt tiền, rate 1*, block quán cho chúng nó bỏ cái thói làm ăn chộp giật, lại còn giọng điệu lừa dối. T gh… See more",0
"Đến shiper nhìn thấy bánh sinh nhật còn huỷ vì sợ hỏng bánh, rút kinh nghiệm là đặt ship của quán ko tự tới lấy bánh là an toàn nhất",0
"Mình toàn đặt ở mấy tiệm to, tiệm quen như The cake lab, Tiệm Panacotta...trvia chưa bao giờ bị trễ hẹn. Mấy shop làm ăn vớ vẩn, trả treo thế này mất hết khách",0
Năm ngoái em đặt bên này cho cô giáo lớp con e này . Làm đẹp lắm.,2
Nguyễn Khánh Linh,1
"Vì k phải mình nhận nên dặn shop trc khi ship thì chụp lại bánh, ntin hỏi thì kêu vội quá k chụp lại. Xong cuối cùng các cô chụp lại thì bánh nhận đc khác so với hình q.cáo",1
Hà Vi hôm đấy suýt đặt bọn này sn Sammy này,1
"Tiệm này giá báo 1 kiểu, xong còn thêm quả chọn cốt bánh, chọn topping xong thêm giá của bánh gốc. Đặt cái bánh 3-400k mà k có đĩa nĩa nến đi kèm, kì kèo tiền ship với khách từng chút 1 =)))",1
"À bánh của bên này ăn cũng bth, ko ấn tượng mấy :)))",1
"Ko biết chủ hay nhân viên trực page mà từ đầu đến cuối không viết được một câu xin lỗi, đã thế còn trả treo phát sợ luôn ạ
tế luôn mùng 1 mùng 2 thôi ạ",0
Ơ quán ở nguyễn phong sắc trc cổng trg báo ạ,2
"Trộm vía e, e đặt đơn kép, e ko cọc mà e thanh toán hết luôn, hôm sau ship trễ 5p thoai. Thành phẩm cũng khá hài lòng.",1
Thuý Hằng vc quả shop luôn,1
"em chưa mua bánh lần nào bên này nma có mấy lần nhắn hỏi thấy thái độ cũng sao sao nên né luôn
em rcm chị mua bên Thu Hường, bánh ngon mà các bạn chăm sóc mình nhiệt tình. haiz khổ thân chị cái bánh thứ 2 nó giao vẫn xô lệch cơ chứ @@",2
khác shop nhưng chung cảnh ngộ =))))) bánh của mình 500ka,1
"T cũng thấy q.cáo chạy nhiều, đặt thử cho con sn ở lớp.",1
"Phốt kiểu này các ch bánh nhiều lắm rồi. Ở vị trí giải quyết các vấn đề của bạn thì mình chỉ có giải pháp ko làm cái mảng này thôi chứ ko thể đáp ứng được
Bạn phải theo sát thôi chứ ko kì vọng được nhiều thế",0
May quá hôm bữa định đặt mà quán khác rep tin nhắn trước.,1
Làm cái bánh vậy mà vẫn tự tin bán cho khách hả :)),1
"Mọi chuyện có thể thôi bỏ qua cho tới khi nhìn thấy cái bánh @@ moá ko đc là treo đầu dê bán thịt chó nữa, đây là thịt lừa",0
"May quá, đợt trc cũng tính đặt bánh bên này, quán chạy qc siêu nhiều",1
"Quán mình khách đặt đơn ship đã phải chu toàn mọi khâu đóng gói, chuẩn bị. Mà này khách còn đặt đi tặng, không trực tiếp nhận, thì mình phải có trách nhiệm làm cẩn thận, chu đáo hơn. Đơn đi h nào, lộ trình ra… See more",0
Phản hồi mà tận 1 ngày sau chúng nó mới xin lỗi đây =))),1
Chưa thấy ai sang page tế shop nhỉ. Đọc cmt thấy nhiều bạn bị dính tiệm này ghê.,1
Bánh 666 vậy cũng làm dc,1
Quả bánh nhìn ối dồi ôi thế,1
"cái quán này thấy trên tóp tóp mình còn vào khen sao làm đẹp mà giá tốt vậy
hoá ra chỉ là quảng cáo",2
từ giây phút nhìn cái bánh nhận đc thì xóp nói gì cũng sai =)) phải có căn lắm mới có thể viết được cái dòng chữ xấu như v =)),0
"Tiệm tên gì để mình né ạ, sao cái bánh có thể xấu 1 cách kỳ diệu vậy.",0
"Thôi thì drama để bên ngoài, còn đồ ăn ở đây với mình là ăn được, ổn định, không có gì phải lăn tăn nếu muốn tìm một quán bánh cuốn nóng cho ngày lạnh Hà Nội. #ăn_uống_là_phải_tử_tế #bản_đồ_ẩm_thực_Việt_Nam",0
Ủa mẫu bánh với cái nhận nó như mặt trăng với hột gạo luôn mà cũng giao được.,1
"Hẹn 6r lấy bánh 7h mí shipp
vì vội nên k check kịp ai nào ngờ
kkk bài học bài học thoaiii",1
bạn decor bánh này tập viết chữ chưa được 1 tuần nữa (,1
"Em cũng từng có trải nghiệm tệ với cái tiệm này. Em đặt bánh qua lấy, đến đúng giờ em qua thì không có bánh. Em hỏi thì nhân viên mới đi check và bảo thẳng bọn em quên bánh của chị, chị chờ bọn em từ kho đem tới. Em đứng chờ cỡ 30 phút đến giờ đi công … See more",0
"Vcl cái bánh trông ko lien quan tí nào, loại này tẩy chay ngay , đi tặng đúng bực",2
Đáng nhẽ k nên ck nốt,1
Shop này mình cũng có trải nghiệm đặt bánh siêu tệ :))) ship bánh muộn cả tiếng,0
Sau các bác ủng hộ tui đi. Hứa đúng mẫu 90% chứ k treo đầu dê bán thịt choá như này đâuuuuuuu Rabbit’s Cake,2
ôi may quá cũng đang thấy tiệm này hay hay hic,2
Sao gái phải che tên. Che rồi sao ng ta né,1
":))) lấy nho trung quốc cắt nhỏ miếng 50k/1kg đổi lấy 5 quả dâu tây :))), đến cả cái khác cũng không giống, shop thách thức người mua tìm điểm giống nhau giữa 2c bánh à . Cảm giác giống như hôm nọ mình đi ăn sườn 10 gọi combo sườn + salat + cánh gà, qu… See more",0
":)) ui k ngờ có trải nghiệm tương tự luôn. Bánh mình đặt 1 lần xong bị bóp méo, lúc đến mình cũng k kiểm tra nên k biết do shipper hay do chủ quán ăn nhận bánh để bánh trong tủ bị lỗi. Nhưng đúng cạch đến già luôn",0
"Nhìn cái bánh gửi cho khách hết muốn cứu luôn, này khác gì lừa dối khách hàng đâu",1
Ôi giống tuii nè,1
Mình cũng cho tiệm này vào blacklist luôn,1
Ly Còi ngày này cũng tới :))) may mình bai tiệm sớm :)))),1
Trần Quỳnh Trang còn nhớ cái tiệm muốn phốt này không,0
Hoàng Việt Đức thế mới biết bà Gấu có tâm nhờ toàn tự ship bánh thôi,0
Mình cũng bị đi đơn muộn nhưng bằng 1 cách hết sức dễ chịu. Học cách nhận lỗi về mình từ những điều nhỏ nhất là cách cứu mình sống sót giữa thương trường có hàng trăm doanh nghiệp lớn nhỏ ra đời mỗi ngày này đấy các bạn. Hay các bạn nghĩ doanh nghiệp c… See more,2
thấy shop này nhiều phốt lắm,1
"Shop này mình cũng có trải nghiệm siêu tệ. Đặt bánh cọc đầy đủ từ ngày 18 sau đó shop còn hỏi lại là nhận hàng ngày giờ nào cuối cùng đến giờ mình nhận thì gọi không được, nhắn trên page không ai trả lời. 1 tiếng sau mới gọi được cho shop thì bảo lại s… See more",0
"Bánh xấu thì thôi đi, đến cả chữ cũng xấu mà cũng giao cho khách đc. Shop ko sợ tổ nghề quật à =))))",0
Bread & Salt chán ko buồn tả,0
"=)))) ôi cuối cùng thì cũng có bài lên cái tiệm này, đặt cái bánh sn mà rước bực vào người, cskh thì cũng như kiểu cho có, rep khách thì mâu thuẫn câu trước đá câu sau, đến giờ ship bánh hay không cũng chẳng thấy báo 1 câu
điên mất",0
"Nói thật vừa tốn tiền chạy qc mà bán ra lại giá tốt thì hy vọng gì chất lượng nữa b
ngày lễ đông đơn nên đến lấy tận nơi để kiểm soát dc các thứ trên bạn ạ",1
Đọc cmt thấy ship làm rơi bánh khá nhiều,1
Á à em đang ko biết phải xả tức vào đâu thì gặp topic này. Các bác nào chê bánh kia chữ xấu thì chắc là do chưa nhìn thấy bánh của tiệm bánh giấu tên này rồi,0
Le Phuong Ly,1
"Hên quá bữa coi quảng cáo đẹp lắm, định đặt nma cuối cùng chốt bên khác :)) ông trời độ mình",2
"Mình chỉ tin tưởng order tiệm này thôi Bánh sinh nhật Happy Cake Cskh vs bánh lúc nào cũng ổn, mng tham khảo nè",0
Nguyen Hong Phuc,1
"Mùng 1 sớm mai, shop thích đào lửa thì nên dẹp tiệm sớm thoy",2
"Xong kêu tổ bánh ko có đầu bóp kem giống mẫu
nó coi mình là trẻ con hay gì… See more",2
"Cứ tưởng mỗi tiệm bánh P có phong cách giao hàng ""chị không nói phải nhận đúng giờ thì bên em mặc định sẽ giao muộn."" Hóa ra cả tiệm khác cũng có cái nết này",0
Mình cũng đang định sắp tới sn con trai mua thử mà như này chắc thui,1
Xin lỗi vì t đã cười khi xem cái ảnh bánh shop giao,1
"Nhìn cái bánh chán thật sự =)))))) màu bánh còn chả match với hoa quả, chữ thì xấu điên, bánh này cũng dám giao cho khách thì chịu sốp =)))))) +1 shop nên né",0
Theo kinh nghiệm của Em thì mấy shop mấy cửa hàng mà chuyên chạy quảng cáo đa phần khum có ổn aa,2
Khiếp bánh xấu điên chữ cx xấu =)))) để block,0
Đọc bài chủ thớt xong tôi phải đi tìm bằng được cái tin nhắn với shop Bread ang Salt này,1
Bánh 50k nhà em,1
"Mình vừa có trải nghiệm cực kỳ tệ tại 1 quán bánh ở HN
Hôm qua mình có đặt một đơn bánh và hoa nhân dịp 20/11 dưới hình thức TẶNG. Người nhận là người được mình gửi quà, và mình chắc chắn họ sẽ nhận. Mình cũng hiểu rằng nếu có vấn đề gì thì shop sẽ báo lại cho mình. Nhưng thực tế thì… không hề!
Đơn mình đặt có giờ giao là 19h30 hôm nay. Tuy nhiên mình không thấy shop báo đơn đã xuất kho, dù trước đó mình đã nhắn: “Trước khi giao đơn chụp thành phẩm giúp chị nhé.” Phía người nhận cũng không thấy liên hệ mình. Mãi đến 20h27, khi mình sốt ruột nhắn hỏi thì shop mới phản hồi rằng bánh bị va quệt do shipper, và shop “đã gọi cho người nhận để làm lại bánh rồi giao lại”.
Nếu thật sự như vậy, mình nghĩ shop nên nhắn cho mình một câu rất đơn giản:“Chị ơi, đơn này bên em không thể giao đúng giờ. Em có thể dời giờ hoặc đổi sang ngày khác được không?”
Vậy là xong. Nhưng không!
Mình nhắn trao đổi thì shop lại giải thích rằng “người nhận nhận rồi mà chị”, kiểu như chỉ cần giao tới tay là xong, bất kể 9h hay 10h cũng phải nhận
. Trong khi sự thật là người nhận hoàn toàn không hề nhận được cuộc gọi nào báo đơn lỗi hay sẽ giao lại, như shop nói. Người nhận chỉ được gọi lúc 19h25 với nội dung “sắp có đơn bánh và hoa, chuẩn bị nhận nhé”. Và cái gọi là “chuẩn bị” của shop… là 20h45
. Nghĩa là: “Tôi giao lúc nào thì bạn phải nhận lúc đó, tôi không quan tâm.” Và tuyệt nhiên không có bất kỳ lời xin lỗi nào.
Thật sự lúc đầu mình đã xuôi rồi, đợi người nhận nhận xong là chuyển nốt phần tiền còn lại. Nhưng khi biết shop thiếu trung thực, mình mới quyết định viết bài này. Có người sẽ bảo chuyện nhỏ, bỏ qua cho nhẹ đầu. Mình cũng nghĩ vậy, sự cố thì ai cũng có thể gặp. Nhưng sự dối trá thì mình không chấp nhận được. Làm kinh doanh mà lừa dối khách hàng là điều không thể.
Mình đã gọi cho shop để phản ánh. Sau đó shop mới “miễn cưỡng” xin lỗi.
Thấy shop chạy quảng cáo mạnh, tương tác tốt, giá cả ổn nên mình mới đặt thử — nếu ok thì sẽ quay lại. Nhưng trải nghiệm như vậy thì mình xin phép say bye. Mong rằng sau này shop sẽ không để thêm khách nào phải gặp trải nghiệm tệ như mình nữa!
PS: Thêm nữa là… thề luôn, cái bánh nhìn tệ không tả được. Sai mẫu hoàn toàn, trang trí thì nham nhở. Vậy cho mình chọn mẫu để làm gì vậy trời???
Update tình hình vụ việc. Hôm qua shop có nhắn qua messenger hỏi xin số mình ko dc lại nhắn cho người nhận để xin số. Người nhận ko rõ nên đã cho số. Họ xin số mình với mục đích xin lỗi. Vậy là họ đã có số mình nhưng mình KO NHẬN ĐƯỢC BẤT KỲ LỜI XIN LỖI NÀO. Đổi lại từ hôm qua rất nhiều bệnh viện thẩm mỹ gọi điện cho mình tư vấn. Bảo số của chị để lại trên website của em??? Wtf… ủa. Mình bình tĩnh hỏi kỹ bạn đó. Mình hỏi bạn mua danh sách à mà có số mình. Bạn ấy bảo: không ạ, bọn e chỉ gọi tư vấn với những người thật sự quan tâm. Chị để số em mới liên hệ ạ. C xem có ai trêu mình ko
Hay dùng để làm với mục đích xấu. Mình thấy nghi ngờ nhưng ko chắc chắn. Nếu shop “chơi bài” này thì quả thật chấm hết. Ko còn gì để nói :)))) ôi má ơi",0
Má t tự làm còn đẹp hơn. Chữ bánh xấu vãi còn viết kiểu nghuệch ngoạc như kiểu ng viết chữ đang hờn dỗi ny. Miếng kiwi cắt vội vàng vừa to vừa thô trang trí như kiểu vừa nhắm mắt cắm kiwi vào bánh. Nói chung là nhì cái bánh ko muốn ăn luôn,0
Bánh tệ như cách trả lời khách của admin trực page vậy =)))) page bánh trả lời tưởng đâu khách đang gây sự vô lý chứ =))),0
Ê tính ra tiệm nói chuyện lươn lẹo vãi nhỉ. Xin lỗi là xong. Nhưng vẫn đôi co với khách trong khi mình sai,0
"Làm ăn thất đức. Thề luôn mấy cái cửa hàng bánh không có khái niệm đúng giờ hay sao ấy, mà đã ko đúng giờ còn ko mở mồm ra báo khách cơ, cứ phải để khách giục như hò đò không thì im luôn, xong cũng ko xin lỗi. Chán các bạn làm dịch vụ thật sự. Cái bánh… See more",0
Đang định đặt thì đọc bài này …,1
"Trời ơi mém xíu m liên kết đặt cho khách mình là bể rồi, thấy chạy quảng cáo quá trời m có liên hệ để đặt giúp khách may mà shop ừ ừ xong bơ mình luôn chứ ko tự nhiên bị mắng vốn oan rồi, đã đặt hộ ko có lời còn bị chửi thì khổ",1
"Shop này làm việc CỰC KÌ CHÁN LUÔN! Tháng trước mình có đặt ở cơ sở Cầu Giấy cọc xong xuôi lúc 11r, 1r chiều mình báo lại rằng mình k qua trực tiếp được ship cho mình sang Lbien thì kì kèo bảo không nhận ship xa thế bắt mình tự qua lấy hoặc nhờ người q… See more",0
Cskh thì như bị ngơ,1
"Mình ăn 2 lần, cảm nhận chung là chất lượng ổn. Bánh cuốn tráng mỏng, mướt, không bị khô hay nát. Nhân thịt thơm, nêm vừa tay. Nước chấm pha nhẹ, không gắt, ăn rất đưa miệng.",0
1. Mâm gà lợn 10 món,1
6. Gà không lối thoát,0
Cho xin mẹt 5 người ăn,1
"Số 17 lô B2 Shophouse 24H, đường Tố Hữu, Vạn Phúc, Hà Đông.",1
Mẹt gà 4 món ntn e?,1
Món ăn rất ngon,2
Xin giá mẹt Gà ta 7 món nhé,1
Xin báo giá mán gà lợn 10 cho xem chụp ảnh luôn,1
Chiều tối có ship ko shop,1
Mọi người inbox số thứ tự món để bên em chốt đơn và ship luôn ạ.,1
9. Mẹt nhậu,1
Xin giá mẹt gà ta 7 món nhé,1
1 mẹt có ship không ạ?,0
Cho mình xin menu,1
8. Mẹt gà ta 7 món,1
cảm ơn khi mào cần mình goi nhé,1
Giá Mẹt gà tả 7 món,1
Xin giá tất cả các met,1
4. Mẹt lợn Mường 7 món,1
5. Mẹt xôi gà ngũ sắc,1
Xin giá mẹt gà lơn 10 món,1
Gà ta 10 món giá bao nhiêu vậy,1
7. Mẹt gà ta 4 món,1
2. Mâm gà ta 10 món,1
Mình xin giá sét gà lợn 10 món và cho xem hình ảnh luôn ạ,1
ngon quá ship k ad,2
Quảng cáo thì ngon nhưng ăn thì thấy ngán,2
Xin thông tin mẹt gà 4 món với ah,1
Thiên Ân -Thượng đỉnh Gà Ngon - CS Vạn Phúc,2
"Thiên Ân nay đã có mặt tại Hà Đông ạ. Bên em #vẫn_nhận_đơn ship khắp  #Hà_Nội ạ, mỗi ngày vẫn ship hơn 300 mẹt - cam kết đồ tươi 100%, ship nhanh 30' ạ.",2
Hấp dẫn quá,1
3. Mẹt Đông Tảo 7 món,1
Xin giá mệt gà 10 món,1
Nhìn bạn này trang điểm thấy khó chịu quá,1
Makeup nhìn dị vậy,1
Em chào tiệm.,1
Thường mấy chỗ ngon ko cần quảng cáo ngta cũng kháo nhau đến. Mấy chỗ chạy rầm rộ ntn kb như nào,2
Nghe giọng dễ mến đồ ăn thì tự dưng thấy đôi mắt giật mình,1
Food review ......,1
Gần nhà nè cu Huong Nguyen,1
Ơ đâu em.ơi,1
Bao nhiêu một suất?,1
Có món lòng xe điếu ko quán,1
Lê Thanh Thảo thì ra buffet cơm kiểu này hẻ,1
Xin đ/c quán nhé,1
Nhìn thấy ngon,2
Sao chọn đứa xấu thế,0
Quán ở đâu vậy,1
Chấm đồ ăn,1
"Cơm nhà này ngon thật đó các bác, ăn xong mà muốn uống trà ghé LaBoong 144 Cầu Giấy - Trà Ô Long Làng LaBoong, e mời ly trà đồng giá 25k các bác nhé",2
Vẻ bề ngoài đáng sợ thế sao mà bạn review makeup có tâm vậy :)),0
Chỉ bán buổi trưa k bán tối ạ,1
"mình xin thông tin với, quán có ship tận nơi không?",0
Nhìn cái mặt td ghe vay,1
Nhìn nó chói,1
Re binh dân thê ngon qa,2
Có lôn sào dua không,0
"Kiểu review vớ vẩn vl, thuê review cũng vớ vẩn luôn =)) đang làm ăn kinh doanh ngon mà lựa chọn chán dị :))",0
có ăn sương,1
"Em hỗ trợ đăng ký Grabfood,Shopeefood.Hỗ trợ trực tiếp tại Hà Nội.LH: 0826.683.662",1
Ai đánh cho bạn cái mắt vậy,1
Đến bệnh viện bạch mai ko ạ,1
Mặt như tượng thạch cao,1
Quản cáo thôi diễn viên làm khách sợ chạy hết với kiểu mặt đó rồi,0
Bán ở cổng bệnh nhiều khách,2
"Cá trích có xương mà sao bảo k xương nhỉ, tin đc k ta",1
Tuấn Nguyễn,1
Xem tiếp theo,1
Có ship Khuất Duy Tiến trưa ko ah?,1
"các bạn văn phòng ngày nào cũng phải ăn ngoài nên chọn mô hình ship cơm tận nới như mình vẫn làm cho các anh chị thân quen ăn lâu nay , mai ăn gì thì nhắn tối nay ( sẽ có nhóm đặt cơm riêng) còn nếu theo thưc đơn bên bán thì xác định sẽ ăn đồ của 1 vài… See more",1
Tận 40k cơ à,1
Văn phòng ngồi moitj chỗ bát cơm ko hết ra chỗ bốc sếp xây dựng cho lấy cơm thoải xem,1
Bn tiền suất,1
Mình có nhu cầu mở quán trên sàn ShopeeFood để khai thác tệp khách hàng … See more,0
Cơm t bớt lại cho 1 nửa,1
Xin địa chỉ,1
"cho mình cái location đi , search map chẳng thấy đâu",1
Bạn make dị dị như v nhìn đẹp mà sao ai cũng chửi v,2
Nhìn mày như con ma,1
Các cháu đừng vì người ta đai suất cơm mà quảng cao nha,1
Giá 1 suất ntn ạ,1
"Nhưng mà đói và lạnh lắm, người đàn ông bít phãi nàm thaooooooooooo",1
Đc quán cơm ở đâu vậy,1
Nhìn bạn review thật kinh khủng tởm,0
Nhã Phương ma nơ canhhh,1
Chủ nghĩa đớp...,1
Ship tối không ạ,0
Quán chưa ăn bg nhưng mà đông khách thế thì chắc hẳn làm ăn tốt =)) thôi lỡ r mình thuê thêm ng khác review còn cái này im ỉm đi chứ bcuoi thật sự,2
Nhon thế dứt lkhoats phải thưởng thức,1
Có síp không,0
Đặng Thu Hà,1
thề nhìn bé review tưởng pr quán hát nào:)),1
Nhìn như yêu tinh . Quảng với chả cáo,1
Mắt tôn hành dả.,1
"Xa , còn cơ sở nào ở quận Hai bà Trưng Hà Nội ko",1
Trang điểm gì mà nhìn thấy gớm. Ăn uống sắn cái tay áo lên nhìn kính quá còn gái ạ,1
"Đã test nhé, sạch sẽ, gọn gàng, chỉnh chu. Khay sắt, hộp canh đàng hoàng, shop đến thu khay sau khi ăn nhé. Sẽ ủng hộ tiếp",2
E ở bv Việt Đức có shjp tiện đây k ạ,1
Có ship ko shop,1
Có ship Ko shop ?,1
Mấy xuất thì sip ạ,1
Bạn review có thù với makeup à?,1
Toàn ởvufng ven thì trung tâm ăn sao được.?,1
Cơm văn phòng nếu đúng như quảng cáo quá ngon,2
Khu Bắc Từ Liêm -Hà Nội có ko ạ,1
m xin thực đơn với ạ,1
địa chỉ đâu,1
Tất cả ₫uề có cái giá của nó,1
Bao tiền một suất vậy,1
Quảng cáo lố vkl,1
Nghe giọng review mà cảm giác miếng thịt nó daiiiiiiiii,1
Xá xíu xào dưa :)),1
"Cái tủ kia thi dc bnhieu món, may mắn vị trí ở khu đông nhân viên văn phòng thôi",0
Cho 2xuât đến ngõ 34đương nguyễn hoàng nhà ngji hoài an,1
Nguyễn Nga,1
Hàng cơm nhìn nhiều món ngon lành quá,2
"Em là nhân viên bên ShopeeFood. Em đã trải nghiệm và thấy các món ăn của nhà mình khá ngon và trình bày hấp dẫn, rất có tiềm năng để khai thác tệp khách hàng online.",0
Thèm bia quán - 479 trần nhân tông nha bác ơi,1
"Ko nhầm thì ở nhà tư hồ phải không, Bích Phạm nhận hàng này",0
"Tiếng Trung - IEC Nam Định Học tiếng Trung chưa đạt còn cho học lại free
Mọi người tham khảo nha, có cả lớp học thử nữa đó",1
Minh Nguyệt quán cj này ngon chuẩn cầu vòi,2
ĐỊA CHỈ: SỐ 59 ĐIỆN BIÊN NAM ĐỊNH,1
Đi theo rì viu tìm được quán ăn ngon bổ rẻ. Phải công nhận nhà này nước ngon. Bán thập cẩm các loại mà giả cầy vẫn ngon theo vị giả cầy. Gà bò xíu mọc mỗi cái đều có vị… See more,2
Giả cầy Bích Phạm đúng ngon thật,2
Chị Lan Anh Trần đây bạn ơi! Kho Trang phục đồ sộ và phong phú nhất Nam Định luôn bạn ơi,1
Bán cả ngày không ạ,0
Bộ chỉnh âm cá nhân hóa Enco Master,1
𝙊𝙋𝙋𝙊 𝙀𝙣𝙘𝙤 𝘽𝙪𝙙𝙨𝟯 𝙋𝙧𝙤- Tai nghe không dây đích thực -,0
Chợ hoàng ngân có đấy bạn,1
Nguyễn Thị Mỹ Lệ đây b ơi,1
"Gọn nhẹ, thoải mái khi đeo cùng 3 sắc màu thời thượng.",1
Pin bền bỉ lên đến 54h,1
Mình ở phường Hoa Lư có bộ như hình luôn,1
Phương Thảo đây ạ,1
BeBe Pham có đẹp c ơi,2
"Các chị ơi. Cho em xin vài địa chỉ cho thuê việt phục với ạ.
Kiểu như ảnh ấy ạ. Em cảm ơn",1
TOPZONE ĐẠI LÝ UỶ QUYỀN CAO CẤP NHẤT CỦA APPLE TẠI NAM ĐỊNH,1
Bạn inbox Nguyễn Phương Nhung,1
Cô Dung chỗ nhà thờ lớn gần mấy hàng bán xôi bánh khúc,1
review ko cho địa chỉ,1
Bích Phạm quán c tui,1
Ở đây bán cả 20 25 đấy các bác,1
Bác thử trong chợ Hoàng Ngân xem hợp k,1
Đi theo rì viu tìm được quán ăn ngon bổ rẻ. Phải công nhận nhà này nước ngon. Bán thập cẩm các loại mà giả cầy vẫn ngon theo vị giả cầy. Gà bò xíu mọc mỗi cái đều có vị ngon riêng. Nay tôi ăn bát 30 mà nó nhiều ú ụ.,2
Bạn tham khảo chụp bên Lượn Lờ Nam Định bạn ấy gthieu 1 vài bên thuê đồ xinh lắm.,2
"review nhưng đi ăn lèo tèo, nước cũng ko đặc sắc, được cái chủ quán nhiệt tình",0
Quán này ở đâu xin địa chỉ,1
Nhà e cũng bán mỗi loại nước 1 vị riêng mà sếp k rì viu cho nhà em gì cả,1
"Kháng nước, bụi chuẩn IP55",2
Quán này la ngã tư gần trường hùng vương với trần bích san đúng k anh ??,1
"có cô bán bún đậu, bánh chưng rán ở đường phan bội châu, đầu ngõ quán ốc ấy. Bánh chưng ngon , giòn nha.",2
Anh mình nay đi rì viu cơ,1
tham khao nha mk,1
Các bác biết buổi chiều ở nam định chỗ nào bán bánh trưng rán ngon ko ạ,2
Cho mình hỏi ở tp quán nào làm món lẩu chó mẻ vậy..tkss,1
"Đi theo rì viu tìm được quán ăn ngon bổ rẻ. Phải công nhận nhà này nước ngon. Bán thập cẩm các loại mà giả cầy vẫn ngon theo vị giả cầy. Gà bò xíu mọc mỗi cái đều có vị ngon riêng. Nay tôi ăn bát 30 mà nó nhiều ú ụ. 
Ở đây bán cả 20 25 đấy các bác",2
"Bao ăn, miễn phí chế biến chín nóng hổi bọc giấy bạc giữ nhiệt chỉ việc ăn tặng kèm đồ chấm.",1
Duyên Duyên ăn chè ở đấy cứ như kiểu ăn chè ý,1
Ko ngon. Thái độ kiểu gì nữa,0
"Mùi ghê cả cổ . Ko bao giờ vào ăn lần nữa
,",0
"Hôm nọ ghé lại ăn bún thì thấy gà ngon hơn đợt trc rồi, tươi hơn trc, trc là gà cũ ăn kh nổi",2
"Bà chủ đanh đá, chửi khách ko thương tiếc mặc dù m bầu bì nói năng rất nhẹ nhàng vẫn bị chửi , ko bao giờ quay lại lần 2 , chè cũng quá đỗi bình thường, chưa nói là ko ngon",0
Chè ko ngon ban thì kiêu get ko thèm đên nữa,0
"Kiểm hồ vừa xong em có sét này Cua,Tôm hùm bơi thở yếu tuơi mới cực ngon 10/10 em đã kiểm tra kĩ ạ",2
"Chè trong tầm giá 10k thì mn qua quán cô Hoa ở chợ Đồng Tiến ăn cũng ok nha, còn cô Huyền thì t thấy bt k khen k chê vì chưa gặp chè thiu",2
"Ngày trc ngon, giờ không ngon nữa",0
"14h-19h hàng ngày, Gọi Em ngay để thưởng thức phần bánh tôm nóng hổi, giao tận nơi!",1
"Cũng vẫn thấy ngon huhu
Quỳnh Mai Thủy Mắm",2
"Rất BÌNH THƯỜNG. K chê k khen, ncl ai thích thì ăn vì giá hợp lý(chứ k rẻ vì topping cũng k có gì đặc biệt). Seeding lố, giật tít, mắc mệt",2
quán chè thị phi thế nhỉ:))) lần nào cx hot topic :)) ăn hoa quả thì alo e nha,1
"Mình ko bị chửi, nhưng đồ dùng và quán mất vs quá",1
BÁNH ÍT HUẾ: 6k/ c,1
được đòn bánh chuối ngon hợp khẩu vị còn lại bình bình,2
Mồm oang oắc oang oắc . Ko quay lại,2
Ăn tiệc tất niên cho làm quà gửi tặng người thân cực thích mê vui cả nhà.,2
Bà bảo t dùng cục gạch :)) k xem đc chúng m khen hay chê hay lm trò gì đâu nên kp bê tao lên mxh lgi đâu,2
Không ngon,0
NEM RÁN: 15k/2c; 70k/chục,1
"HB Có quán nào hơn được quán đấy đã 3,40 năm rồi.ttừ ngày tôi còn thanh niên bây giờ đã già rồi vẫn thích ăn.",2
Linh Con Ông Vấn Bùi Yến i,1
TRÀ TẮC XÍ MUỘI,1
Ăn chè ở đấy vị nó giống chè lắm k hiểu sao . Nhất là ăn bún ngan ở đấy vị nó cứ bị giống bún ngan k giống vị phở bò,1
"Nhiều ng kêu Hay chửi và bán hàng kiêu :)) Mình thì chưa nghe chửi nhưng bán hàng kiêu thì đúng. Chứ thử chửi vào mình thì combat lại chứ ngại gì vết bẩn
. Chè thì bt trong tầm giá 10k nên k đòi hỏi. Nhưng mùa hè có lần lạc xòong kiểu hơi thiu. Cho n… See more",0
"m thấy chè ngon mà :)) ăn từ mẫu giáo đến h
quán chè lâu đời vẫn đông khách
chủ quán cũng vui tếnh niềm nở ko thấy vấn đề j",2
Chè nhiều hôm thạch đen thiu rồi.,1
BÁNH TÔM HỒ TÂY: 15k/c,1
Chè cô huyền là ok rồi,2
thấy các cô cũng vui mà nhỉ.,1
Hoa Kiều quán chè cô Huyền của mẹ nè,1
"Chè ngon tuỳ mồm, cá nhân mình thấy ngon, bánh chưng chuối ngon, chưa nghe chửi bh chỉ được nghe gạ ăn thêm đi",2
Sát vách nhưng không ăn,0
Trần Thanh Dung nè,1
"rất kiêu , vào phải đi nhẹ nói khẽ cười duyên vì sợ bị chửi",0
Siêu phẩm cho sự hài lòng ạ,1
"Ngày xưa ngon mà , hồi bé mẹ hay đưa qua ăn suốt , xong đợt gần đây lại nổi , nên đợt bầu có tạt té qua , đồ ăn chắc tuỳ khẩu vị riêng mình thấy k ngon như trc nữa , ra đồ lâu , đợt ấy bầu mà đói nữa ngồi 30p cô mới cho bát bún , đã thế còn làm nhầm @@… See more",2
"Chè ngon mà nhỉ , mình ăn từ thời đi học , giờ hơn 30t r , lần nào về ngoại cũng rẽ ra ăn mà , dù nhà mình có bán chè nhà , vẫn nhớ hương vị thì ra ăn thôi , chưa bị cô chửi lần nào nên bt á",0
Sao năm nào cổ cũng bị lôi lên zậy?,1
"Đc: Số 3 Hai Bà Trưng, Phương Lâm, Hoà Bình (ngõ đối diện Nam  Chính 1, giáp Phở Đồng Nhân, cổng sân vận động)",2
"Chả khác lạ gì mà thái độ ng bán rất khoa chịu , nói chung vào 1 lần ko có lần 2",1
Bây giờ không ngon như ngày trước nữa rồi..cơ mà kiểm tra an toàn vệ sinh thực phẩm ở quán đó chắc 1 điểm,0
quán chè bình thường. ăn cũng bình thường k có gì nổi bật. nghe riview tưởng ngon lắm chắc riview con cháu hoặc đớp quảng cáo,2
Thời buổi bây giờ mà vẫn bán vào túi li lông nhìn ghét,1
Còn với t quán chè huế ở ngoài đường ngay phương lâm vẫn okla hơn,2
"Ngày xưa hồi còn pé , học tiểu học bố dắt đi chợ Phương Lâm cũ ( giờ là chợ Đường Đất) . Ăn chè nhà cô này thấy tuyệt hảo mỹ vị nhân gian. Giờ ăn thấy bthuong , có lẽ trót lỡ thử qua những món chè ngon hơn rồi chăng",2
BÁNH LỌC HUẾ:5k/c,1
Bán sao vậy em,1
Quà chiều gì chưa các người đẹp:,2
Ăn 1 lần k quay lại. Không hợp khẩu vị. Hợp khẩu vị chắc đóng họ. Vì giá cũng hợp lý,0
Mọi người có cảm nhận thế nào về quán chè cô Huyền trong chợ Phương Lâm ạ?,1
1 lần duy nhất ko quay lại,2
Thảo Leen dm kìa,1
Thùy Linh bạn êi,1
NEM CHUA TẠ HIỆN RÁN : 55k/set,1
"Phở cuốn :25k /1 hộp /5 cái
Cơm trộn thịt hàn quốc :45k/1 xuất
Cơm trộn xúc xích : 30k/1 xuất
Kimpad thường :20k/1 hộp 10 miéng
Kimpad chiên :25k/1 hộp 10 miếng
Tok lắc pho mai :25k/1xuất
Xoài dầm , cóc dầm bò khô :25k,30k 1 xuất
Trà sữa , trà chanh , nước ép
25-30k",0
Ăn chẳng ngon tí nào luôn ý,2
"Sao ai cũng kêu bị chửi :)) còn mình cô chả bjo chửi còn mời mình mua bánh rán
dễ thươngggg mà :))",1
ok chả vấn đề quái gì. ăn từ khi 5t đc 25 năm rồi,2
Chè ăn mùa hè rất mát,1
10k thì đòi hỏi gì bạn. Ngon trong tầm giá 10k,2
"ai chán đời quá thì ra nghe chửi tí cho vui cũng được mọi người ạ
chè ngon hay không thì mình không bàn",0
"Trước t làm ở cạnh đó ngày nào cũng phải làm 1 cốc ngon lắm giờ vẫn thiết tha dc ăn , cũng 5 năm rồi chưa dc ăn lại, khong biết bây giờ thế nào nhỉ?",2
Giờ chảnh lắm k như xưa,1
lạc xòng thiu trộn lên thiu cả cốc,1
NƯỚC ÉP CÁC LOẠI...,1
"Rửa cốc đựng chè bẩn
. Còn lại ăn cũng dk",0
"Tẩy chay phát thì tính tình lại thuỳ mị nết na ngay mà , chè có gì gê gớm đâu mà oai , thời buỗi cạnh tranh ,khó kăn , tìm dc ngừoi khach mua hàng là vui roi , còn chữi , nguoi ta mua trã tiền xin đâu mà chữi, quán bi thẩn kinh",2
NỘM BÒ KHÔ: 25k/set,0
Mời qua e thử nhaaa,1
gà ủ muối 99k/½ con,1
Nhìn phát biết ngay quán nào,1
Hình như quán này bên dg06 phải kg ạ,1
Mỗi set bao gồm 1 con gà ác + 1 quả trứng lộn chỉ 99k … See more,1
"Hứa Văn Cường
review quả cơm gà đi",1
Quán nào vậy b,1
Có ship thị trấn Quốc oai k ạ,1
nhìn cái biet quán nào luon trời,1
Luong Anh Hoa,1
Nhân viên làm gì b vậy,1
Quán nào để còn né ạ,1
Lương Ngọc Hạnh,1
Hồng Phượng:)),1
"Sốp còn 3 set gà ác hầm, sẵn mukbang thui ạ ! Các bác ăn ủng hộ sốp với ạ",2
Ship Sài Sơn k ạ,1
"Mình trải nghiệm cũng giống b, hôm đấy hứng lên gọi thêm mỳ cay ăn thử. Ăn đ liên quan j đến nhau. Dở thật sự",0
ăn mì ngon thì ib em ạ,2
"1 quán đồ hàn tại quốc oai , thề nhìn cốc nước mà ấm ức vch ra . 15k kể mà ngon k nói tệ hơn cả tệ",2
À quán này ăn rùi ăn 1 lần,1
Đội 7 - thạch thán ạ,1
"bữa mời bạn về Qo vào đây ăn gà=))) thấy mì cay mỗi đứa gọi 1 tô
ăn như đấm vào mồm nhau… từ sau kh dám mời bạn về đây chơi nữa luôn :)))",1
mng qua Trang Bông ăn thử nha hihi,1
"Tokboki nấu thì sống, ăn bánh gạo thì sần sật như gì, nhân viên toàn mấy đứa c2 thì làm ăn gì",2
Thanh Hằng,1
đúng vậy mà quá đắt,1
mì thì ăn thấy bth không có gì đặc biệt nhưng mà các bạn hs nhiệt tình thấy quán lúc nào cũng vui vẻ,0
Quán nào vậy,1
Ghé em ăn thử mỳ cay - nem nướng xem nha ạ,1
CÒN VÀI CHỤC THÙNG CÁC BÁC BỐC NỐT NHA,1
Dương Quỳnh Chi cố nuốt hết kkkk,1
BƯỞI XUẤT KHẨU,1
có síp vân côn ko ạ,1
Sao rẻ vạy c,1
Ra quán e nhaaaa khách ơii,1
Gà ủ muối 99k/½ con,1
Dg 03 đường Bắc Nam _ Quốc Oai _ Hà Nội,1
Mì tương đen ạ,1
Phươngg TranggNguyễn Tuấn Đạt :)),1
Sip liệp tuyết ko c,1
"Chưa bao giờ có gà công nghiệp ngon rẻ như này #80kkk/con 2kg mổ rồi
 … đảm bảo tươi ngon hơn chợ mà ship tận bếp tội gì không mua ạ 
 ( đảm bảo gà tươi mổ trong ngày)",0
quán nào v ạ,1
nhiều người góp í cho quán lắm mà em thấy quán cũng không quan tâm cho lắm,0
Phốt đúng vl b ơi… mì ăn như đấm vào mồm nhân viên thì ngơ ngơ,1
"Quán này ăn ngon vẫn là gà từ trước đến nay, còn my hay món khác mình k bh ăn , còn gà thì là quán ruột của mình",2
c… See more,1
Nguyễn Thái Việt Dương mì cay phải cho thêm tương ớt,1
Sao rẻ vậy ạ,1
Mai Kem mì kay,1
"Ăn ở quán cạnh Tacos cũng ok , mỗi tội quán hơi nhỏ",2
"Sốp vẫn sẵn ship, số lượng không nhiều! Các bạn ăn đêm ib lẹ nhé",0
"Quán Seoul chỗ đối diện Pizza metro mới mở vẫn là quán tủ . Đồ tươi , nước ngon . Hơi cay tí nma vẫn mê nước nhà này nhất",2
Chân gà ngâm.45k/h,1
bao nhiêu người góp ý không biết chủ quán có nên xem lại không ạ chứ để vậy mất khách lắm,0
"BƯỞI XUẤT KHẨU 
 18kg/1thùg size 1.6-1.8kg
370k/1thùg 
CÒN VÀI CHỤC THÙNG CÁC BÁC BỐC NỐT NHA",1
Thanh Hoa hình như giống quán mình ăn hôm qua,1
Cho c 1 con nhé.,1
Công nhận vào đây chỉ ăn gà chứ mỳ thì k ăn dc,1
Huyền Trang vẫn là nó,1
Mì ý cho cả súp lơ xào vào thì chịu hẳn =))),1
Nước dùng thì siêu ngấy,1
như cám lợn ấy về nhà nấu k có công thức còn ngon hơn,2
"có thể nào là quán mình bán gà chỉ tập trung vào bán gà được không ạ , em thường xuyên ăn đây nhưng em chỉ gọi gà nhưng nay em thử gọi mỳ cay để ăn nhưng mà mang ra em hết hồn em tưởng đâu cho gì ăn không í nước thì nhạt , mỳ thì bở , topping thì chả có mấy , mà ăn thì chẳng ra vị mỳ cay tí nào , nước 1 đằng mỳ 1 nẻo chả hợp nhau tí nhau luôn ấy ạ . Nhân viên thì thái độ vô cùng có thể là muốn đánh khách luôn ấy ạ . em thấy có rất nhiều người góp í nhưng mà hình như quán cũng không quan tâm cho lắm",0
"Em thấy ăn đây ngon mà sạch sữ mà , nhân viên cũng thân thiệt mà",2
Cơm gà sốt cay hàn quốc,1
K ngon k lấy tiền ạ,2
Húp thử nước tý thì nôn Van Anh,1
C ship chùa Thầy ko ạ,1
"hôm mình gọi tobokki bê ra mình chỉ biết nhìn mà lắc đầu
k khác gì cho heo (chưa nói đến vị)",2
Mình cũng thử mỳ cay nhà này 1 lần và khá thất vọng,0
mỳ cay thì em thấy nhà chị nhi đội 7 thạch thán với JQK ngô sài là em thấy ok nhất,2
Em tìm chú đưa chân gà tươi không phải loại rút xương ở cấn ạ. Anh chị nào có số cho em xin với ạ. em cảm ơn nhiều,0
Nấu cho lợn ăn à,1
Mk thấy nhân viên ok mà:v ăn mì cũng bt ko có gì đặc biệt.,2
Ghé bên e thử ăn mì cay có cả gà cơm gà ạ.,1
Thái độ nhất là ông đàn ông péoooo. Trời ơiii,1
C ở chỗ nào vạy,1
Gà tươi mới k ạ? 1 con trọng lượng bao nhiêu e?,2
Nhà hàng : TOAN BEI Ẩm Thực Hàn Quốc ạ,1
Nguyễn Phương Ankk hãi vv,1
Nhìn đã thấy ko ngon rồi í,0
Phuong Thuy,1
18kg/1thùg size 1.6-1.8kg,1
"Ra big c mua chân gà cp ấy bạn, lựa chân to",1
Trịnh Như Quỳnh,1
Dũng Anh bàn ghế phát biết quán nào :))),1
"Gà rán bùi hiền đúng k
t ăn 2 lần vẫn k thẩm nổi mỳ cay ở đây",1
Nhân viên rat thái độ vs khách,1
Cơm gà bên Ceo ăn được không mọi người ???,0
Nhìn bộ bàn ghế biết ngay quán nào. Gọi 1 lần là hãi luôn. Ngày xưa ăn gà rất ngon nhưng bây giờ gà ăn cũng k ngon như xưa nữa.,2
80k 1 con ạ,1
Nhìn khác j bát cám lợn,1
Quán nào vậy ak,1
Phai Quán five star thi chỉ lên bán gà,1
fai sờ ta à :))),1
Gọi xuất cơm mà cho vào khay bê ra như khay cơm ở bệnh viện ấy.,2
Kkk. Mình gọi 1 lần và cạch k có lần t2 ăn mì cay tại quán này. Mang ra mình tưởng cải bắp xào nấu canh,0
"Hôm mình cũng gọi mì cay, bê ra mình sốc luôn ấy, cứ tưởng nấu cho lợn",1
370k/1thùg,1
gà ác hầm kèm 1 trứng lộn 99k/con,1
"Gimbab tập tạ
Đúng là đi ăn ngoài hàng lúc nàoo cũng ngon hơn nha, quán này trc e hay gọi ship mà h mở quán rùi nè các bác ơi.
Rcm ăn gim bò, thịt chiên chua ngọt.
See more",2
"=))) bẩn thì chê bẩn ,giờ bỏ tiền ra ăn là phải nhịn à?",0
Bài này theo mình chỉ nên góp ý k có j phốt cả nhiều khi quán đông thiếu nhân viên làm dịch vụ sai sót là bt k ai hoàn hảo đc kể cả bản thân mình,0
Quán này mỳ cay siêu ngon . Nước dùng đậm đà nói chung hợp với mình,2
Hôm bọn t ăn còn có nguyên miếng vảy cá trong bát cơ:))),1
Có mấy mẹ cũng bán đồ ăn mà đ cho ng ta lên tiếng vậy??,1
Best seller lòng e là lẩu tok ngon đỉnh.,2
Quán mô hình gđ - đônh khách quá chưa dọn kịp mình góp ý vs quán là dc ah .,1
"Giấy đầy sàn thì chắc có bàn vừa ăn chưa kịp dọn thôi b, giật quả tít GÓC BÓC PHỐT gay cấn thế :((",0
Đặt tiệc cưới ở đấy các món ăn đều ngon khách toàn khen,2
"Bạn phốt ẩn danh thì lgi, t cmt acc thật, ăn 1 lần ko có lần 2",1
"Phương Hoa mình ăn ngon mà cũng ok mà c nhỉ, đông chưa kịp dọn hay vấn đề gì thì góp ý với quán là xong
Hi Noodles",2
"Muốn quán sửa đổi thì phải nói luôn với quán lúc đấy chứ, âm thầm về lên bài phốt là sao hả giời",1
"Vấn đề này b nên góp ý với chủ quán , đăng lên như này hơi nhạy cảm . M cũng kdoanh hàng ăn nhiều khi trv khách đông chỉ kịp dọn và lau bàn . Chứ k thể khách đang ăn mà nv lại mang chổi ra quét rác dc . Việc nhỏ này thì nên góp ý với chủ quán b ạ",1
Trần Tuyết Mai best seller của ce mình mà bị phốt nè,1
như pà pr cho quán thì phải,1
"Trông bạn bóc phốt mà như kiểu đi mkt quán giúp ngta vậy =))), chung quy lại là lẩu không có gì đặc sắc còn lẩu quán nhà bạn ngon hơn đúng không",2
"Quán ăn mì hoặc miến thì miễn chê , nhưng vấn đề vệ sinh cũng nên mxem xét lại thật ạ . Lẩu cá nhân e thấy hơi đắt 200k mà đc mỗi 1 gói mì trong khi suất 2 người ăn , topping đạm bạc ...",1
Nhờ có phốt mới thấy mát trời ăn mì cay hợp quá nè,1
Ng Phuong Anh,1
"Ui là trời: Phốt nghe nặng nề quá. Sử dụng từ góp ý phục vụ thì chuẩn hơn. Bớt bớt soi kỹ quá đi, vì cái gì cũng cần thời gian để xử lý",2
mua tivi hóng phốt đi cả nhà :)),1
Ngân Hoàng,1
Doanh Hồng quán tủ của mình,1
1 lần gọi lẩu tok mà cái miếng mì tôm có nguyên tổ kiến trong đấy :)) chắc bỏ vào nồi n nóng quá ms bò ra đen kịt.. bảo quán đổi cho nồi khác vì trông sợ quá.. quán vào chỉ bỏ mì ra thay miếng mì mới r bê nguyên nồi cũ đó ra cho mk .. kệ nhắm mắt ăn luôn =)),2
Ko vừa ý thì thoii. Lần sau k đến nữa là xong b ạ,1
"Góp ý th bạn nma công nhận dơ thật, trc đông quá p lên t3 ngồi mà bàn nào cx bụi, xong cốc thì vứt từa lưa",1
"Để biết cứ đến 1 lần và mãi mãi... Chứ nếu đông quá cũng xin phép quét qua 1 xíu nhưng lau dọn bàn là tuyệt đối phải sạch sẽ nha.. Còn nên bật nhạc nhẹ nhàng xíu chứ k nên bật phim to quá
chắc góp ý để quán rút kinh nghiệm.. Còn ẩn danh chắc người quen",2
E nên sửa tus là: “góc góp ý”,1
vậy mà cũng bóc phốt đó hả,0
Tổ chức sn lên đây bạn . Tặng bánh kem và đecor trang trí . K vui đồ ăn k ngon k lấy tiền,2
Bóc phốt mà để ẩn danh vậy trờiii,0
"Bao giờ b góp ý với chủ quán mà nhận dc thái độ k đồng ý hay khó chịu thì b hãy lên góp ý ah , mỗi 1 cửa hàng là 1 bát cơm , có thể trong lúc bực bội bạn cảm thấy số tiền b bỏ ra k đáng vs dịch vụ sử dụng , nhưng sau đó là quán sẽ ảnh hưởng khá nhiều đ… See more",2
"Phốt dấu mặt ??? Ném đá dấu tay à , chắc làm ăn kém cỏi thấy ngta ăn lại gato rồi !!! Bản lĩnh thì bỏ ẩn danh coi ?",0
Nghe thì quen quen ko biết ăn lần nào chưa,1
"Quán đông chưa dọn kịp thì mình nói với chủ quán dọn cho cái bàn, ồn quá thì bảo chủ quán bật nhỏ đi chút. Sao ở quán không góp ý với người ta mà lại lên đây đăng bóc phốt.",0
"Quán này ngon mà, mì cay với chảo tok đều ngon
lâu lắm k ăn mưa gió nghĩ lại thèm",2
"Mk chỉ muốn ns là nhiều người bảo ko vừa ý thì góp ý, nhưng thật sự nhiều em cũng là học sinh, sinh viên hoặc nhiều bạn cũng ngại khi góp ý trực tiếp nên muốn lên đây để chia sẻ và cũng như 1 hình thức góp ý để chủ quán nếu đọc được sẽ sửa đổi. Có gì đ… See more",1
"Nhưng nhìn bên ngoài khá bẩn, bàn ghế làm tông trắng nhưng lại để bẩn đen thực sự nhìn bẩn",0
Ý là mọi lần mình đến ăn cũng ko đến nỗi v:))))),1
Không liên quan đến phốt nhưng mà có bạn Ngọc Anh bán đồ Hàn ngon và nhiều lắm ạ.,0
"Bạn nt riêng cho chủ quán cũm đc mà. Trc mình hay ăn thấy cũm ok. Ko đến nỗi. Mấy cái này thì mình nt riêng cho quán, để quán thay đổi là đc",2
"m thấy quán ngon, chỉ chủ dễ thương nhiệt tình, hoan hỉ",2
"quán ngon và sạch sẽ mà nhỉ, mình thích mì kay và lẩu tok ở đây lắm ấy",2
Quán nên cải thiện khâu vệ sinh.,1
https://s.shopee.vn/3B14Y1BFr3,1
Bạn ăn quán spon ở đường bái ấy ạ,1
Giải thưởng siêu hấp dẫn… See more,1
"Nói thật thì ăn seoul vẫn ok hơn, giá hợp lý nhiều lựa chọn mà cũng sạch sẽ mát mẻ",2
Thực ra cái giấy rác này chỉ cần góp ý là được ạ. Có khi khách vừa đứng lên thì b vào họ chưa kịp dọn. Còn ngon hay dở là tuỳ khẩu vị của mỗi người. Cá nhân mình thích đồ ở đây. B chê nhưng k có nghĩa ng khác khen là đang seeding cho quán. Ngon thì bảo… See more,2
Mong quán thấy và sửa đổi ạ,1
Nguyễn Phương Mai em ăn mãi có sao đâu nhị sao mà ngta nói quán dữ zị,1
Mỗi tội quán bạn ấy không lên sàn shopeee nên ship mất xíu phí ạ.,0
Quan nguoi ta đông . Nhieu khi cung p xi xoa thoi . Phốt n phốt kieu tây ah,1
Công nhận k biết bên trong thế nào,1
Nhưng mà tớ thấy ngon và nhiều topping nhất trong những quán tớ từng đặt về ăn.,2
"Bọn t còn gọi nhân viên lên, hỏi nhà nó có món gì lq cá không để phòng trước:))) thì đúng như rằng nó bảo k. Thế tính ra là bọn này ăn cơm xong hay gì k rửa bát mà tráng qua cho khách, xong nhân… See more",0
C góp ý chủ tus e đừng tự ái nhé.,1
Mong quán thấy và sửa đổi sao không trao đổi thẳng thắn ngay tại đó mà phải lên đây đăng bóc phốt,0
cái bọn gen Z gen W bị ngáo mxh à :)) mỗi thế cũng đăg lên phốt đc :)),1
Ngại nữa thì viết 1 bức thư ẩn danh phản ánh gửi qua đường bưu điện 1/2 ngày đến d/c quán,1
"Lại còn góc bóc phốt :))), nghe nặng nề quá chủ tus ơi, vệ sinh có thể là do đông nta chưa kịp dọn, bật to tiếng mình có thể bảo với chủ bật bé lại, còn đồ ăn thì mình thấy ngon mà. Có thể mỗi người 1 khẩu vị, nếu được thì bạn nên góp ý luôn cho quán n… See more",2
Tiến Duy b tìm được góc nào cho mình chưa,1
Vấn đề giấy đầy sàn do khách đông chưa kịp dọn thì bạn góp ý với chủ quán . Chứ đồ ăn có mất vệ sinh đâu mà bạn giật tít bóc phốt ác vậy ? Học sinh sinh viên có học mà ăn nói kiểu vậy thì cũng xem xét lại bản thân bạn nhé . Ăn được 1 nửa rồi đứng lên v… See more,0
mình hay tổ chức liên hoan cuối năm cho các bé trong lớp của con mình ở đấy. bên trên là một số menu cho cả trẻ con và ng lớn. mình thấy ăn ok đó,2
Lần đầu thấy giấy ở sàn cũng bị phốt Ngọc Ánh Nguyễn Phương Linh,1
Ngon mà nhờ :))) tại quán có c chủ với ng nhà bán thôi k thuê nv nên chắc chưa kịp dọn đó ạ . Mà thời tiết này lại nhiều ng ăn,0
Quán đông nên nh giấy đó bạn. Chứng to la pai ngon,2
"hôm sinh nhật con mình, 8 người lớn, mình gọi như này",1
Ko cần dùng từ bóc phốt. Nên dùng từ góp ý.,0
"Sao lại mang hậm hực về nhà rồi lên mạng “bóc phốt” thế ạ, mình có thể góp ý trực tiếp với chủ quán mà.",0
Thực ra b dùng từ là góp ý thì nó sẽ nhẹ nhàng và k bị nhiều ng ns hơn ấy b ạ bt cái b ns lên là đúng nma sự vc nó rất nhẹ nhàng và dễ xử lý mà b lại để bóc phốt nên cx dễ gây ý kiến trái chiều là phải thôi chứ giấy đầy sàn kín là do ngta đông khách nê… See more,0
C chủ tus có phải ních là Duong Bich Ngoc ko đấy :))),1
"Quán mới thay nhân viên, 2 bạn ấy chưa quen lúc đông khách, có gì bạn góp ý luôn với chủ nhé",2
Trần Quỳnh,1
"Đạt Nguyễn sợ quá , đi ăn thôi",0
chủ tus c bảo vệ sinh kém chứ có bảo đồ ăn bị gì đâu mà mn cứ bảo ngon hay k ngon nhie,0
"Chê gì cứ gặp chủ quán góp ý luôn , ngại gặp trực tiếp thì về gọi số hotline quán phản ánh",1
"Bác ib xin quán menu rồi chọn theo sở thích của gia đình mình. Mình ăn ở đây thấy ngon bổ rẻ, phục vụ ok",2
𝐃𝐄𝐀𝐋 𝐇𝐎𝐓 : 𝐈𝐏𝐇𝐎𝐍𝐄 𝐀𝐈… See more,1
:)) có đợt ăn khoai tây chiên dính cả ruồi muỗi chiên cùng cơ,1
"Có mỗi thế mà phải bóc phốt
mình góp ý cho chủ quán là đc mà em",0
Làm hàng ăn chắc chắn phải có rác,1
Để cho người ta làm ăn đi b,1
Quán ng ta bé có bằng đấy bàn thôi.có khi chưa kịp dọn đã có ng khác ngồi vào bàn rồi . Cũng chẳng ai khách đang ăn lại đi quét rác bao giờ . Giờ bạn e vào nhà e chơi uống nước e có … See more,0
Hoài Mai tôi thấy ăn kinh thật,1
Khánh Linh tự nhiên thèm mì cay quá,1
"Quán đông nên ngta chưa kịp dọn thôi mà, có gì mà b căng thẳng quá vậy. Tự nhiên đi PR ngược lại cho quán rồi ))",0
Nma vẫn thích ăn gì hợp nước mì,2
"Hôm E đi ăn gọi mì cay kim chi, bt ít còn đc 1m hôm đó đi thì k có miếng nào
n k quá quan trọng nhưng hỏi nv thì nv bảo quán E mì cay kim chi là nấu bằng nc kim chi thôi, k có miếng kim chi. Chủ quán thì bảo bt vãn có 1-2m kim chi mà e, chắc bếp cho … See more",0
Vẫn ngonnnn,2
ăn gì cả nhà ơi có ship nhé,1
Ngon view đẹp,2
My cay ở đây t thấy okila nhất luôn ấy khách đông chưa kịp dọn thôi thông cảm hoặc góp vs chủ hoặc bảo nvien dọn chỗ là đc mà vđề cũng đâu có gì to tát đâu mà để ngta còn làm ăn chứ b,0
"Mình cũng là người bán hàng ăn . Theo quan điểm của mình , ngay lúc ấy b góp ý vs quán . Đó mới là điều họ cần và nó cũng là cái thực tế . Chứ k nên ntn , sẽ bị mất quan điểm",1
T đi 2 người thì bát của t có ruồi ăn hết mới thấy ở dưới xong gọi chủ quán ra chủ quán xin lỗi và bảo miễn phí cho 1 bát mà có con ruồi,1
"Còn khâu vệ sinh thì e nghĩ mình nên góp ý với chủ quán để người ta cải thiện. Vì chả quán nào hoàn hảo tất cả được, đôi khi xảy ra vấn đề. Góp ý mà chủ quán có thái độ không tiếp nhận ý kiến của mình thì mình … See more",0
Chuyện là hôm qua bọn mình đến quán ăn lẩu vì đọc được khá nhiều cmt khen về quán cho đến khi bước vào thì phải nói là quán ngập rác giấy ăn đồ ăn vương vãi kín sàn. Mình không nói quá đâu ạ giấy ăn rơi kín sàn bọn mình không tìm nổi 1 bàn sạch sẽ để ngồi định đi về nhưng nghĩ lại thôi. Không nói đến đồ ăn nhưng chủ bật phim to x10 làm bọn mình không nói chuyện được gì chỉ im lặng ăn rồi đi về.Lẩu cũng không quá đặc sắc bọn mình ăn hết một nửa rồi đứng dậy .,0
Đông quá chưa kịp dọn thì k tránh khỏi đâu ạ,1
Phan Ngọc Hà,1
địt mẹ vậy cũng bóc phốt nữa . lắm chuyện . bh đúng kiểu bị ngáo quyền lực hết cmnr ấy,0
T toàn nv. Đặc biệt là họ bẩn sau họ tự ế khách thui.,0
Trần Thị Thanh tư vấn đê,1
"Chắc e ấy k dám nói thẳng với chủ quán nên mới về nhà lên mạng góp ý
Lần sau đi đâu k vừa ý thì cứ mạnh dạn lên tiếng e nhé, chủ quán k ăn thịt e đâu mà sợ",0
Chắc tại nhiều quán mì cay mở ra quá mà quán bạn này lại đông khách hơn đó mà ^^,1
GÓC BÓC PHỐT,0
Trầnn Hà đm quán thân iu đây mà,1
Ăn ngon hợp khẩu vị mỗi tội càng ngày càng ít topping,2
Chưa kể ở quán có 1 bạn nhân viên môi thâm thâm ấy ord cho khách toàn trợn mắt lên. Sợ thế cơ chứ,0
"HuyenTrang Pham Trần Phương Trinh nhiều giấy cũng bị bóc phốt hả . thấy giá cũng đc , chắc hợp khẩu vị mình :))) đi mấy quán khác chẳng ưng. phải như ce mình , quán cá mực vừa đắt vừa chán , ăn bở bở ý nhỉ :)))",0
Vậy đây là góp ý hay bóc phốt mong quán thấy thì ib riêng cho quán mang lên đây để bàn tán thì là góp ý à??,0
Ăn ngon mình thấy giá còn rẻ,2
"Ra Spoon&Pencil ăn thử đi c cũng lẩu tok mà em thấy ok, cả gà các kiểu cũng ngon",2
"Làng Cổ e thấy ăn cũng được, không gian rộng rãi, có nhiều khu phòng riêng để chọn nhưng nhân viên take care chán vãi chưởng :)) Bác ib đặt thì lấy menu luôn, đặt trc nồi lẩu chẳng hạn xong ra đấy gọi thêm hoặc bảo chị quản lý tư vấn cũng đc",0
Ai nói gì nói mình vẫn thấy mì cay ngon,2
"Quán cũng hơi vô ý thật phục vụ k dc hoan hỷ lắm nhưng ngon hicc
mong quán sửa đổi nè",2
"bẩn như thế mà cmt cứ bênh thôi, bẩn thì phải góp ý chứ không được phốt à ? hay bẩn là chưa đủ để phốt vậy mấy con giời",0
B nên góp ý với chủ quán,1
Tất nh… See more,1
"Mình ăn ở đây 1 lần gọi mì cay , cái kim chi hôm đấy ăn chua kinh khủng , nước cũng rất chua luôn . Chua mà không ăn nổi luôn ấy . Không hiểu mì cay kiểu gì :))) cay không thấy chỉ thấy chua",0
Hải Yến thì kêu nta dọn,1
"Giờ rw thật bị tap còn seeding ảo thì lại được khen
đúng thật là chủ tus nên dùng từ góp ý cho nhẹ nhàng nhưng quán cũng phải nhìn nhận lại, đúng là quán bẩn ý mình đến lần nào cũng bừa bộn giấy má k dọn, kể cả đông thì vệ sinh quán vẫn phải đảm bảo… See more",0
Vậy sao k thử qán spoon nhỉ.t khá thích qán này mà giờ hay chuyển địa điểm trc t tìm địa chỉ 503 ra nó là cửa hàng kính,2
"Giấy nhiều chứng tỏ đông khách . Ngon thì mới đông chứ ạ . Ng ta đông không kip dọn dẹp bạn hoan hỉ đi ạ . Em thấy ở đây ngon, trời mưa do bài phốt của bạn thèm quá tí nữa phải đi ăn mới được",0
"rcm mnguoi ăn quán hi noddles này nha , quán có đông nên các b ấy còn sơ suất chứ đồ ăn thì 10 đỉm , mẹ mình còn mê",2
Hoàn Giang nói gì đi chị :))),1
"Chào bạn , mình rất xl vì bạn có trải nghiệm k tốt ở quán . Quán nhà mình làm kinh doanh gia đình và thuê thêm 2 bạn chạy bàn tuy nhiên do mới thay đổi nhân sự 2 bạn mới đi làm được 1 tuần thôi quán đông cũg k thể take care hết được khách . Ai làm qu… See more",2
Ngọc Khánh quán tủ nè,1
Cứ kêu hssv k dám mở mồm ra nói à ? Chủ thái độ thì mới phốt chứ đúng bọn Gen Z giờ suy nghĩ buồn cười quá,1
Trường MN Nghĩa Trung chân dung cô giáo phượng ăn quỵt 3tr k trả,1
Chuẩn ngon giá cả hợp lý,2
Huyền Trang lâu lắm r em ch ăn,1
"phốt hay thật, như L...",2
Lịch sự phục vụ nhanh,1
"Có hôm vào ăn do thấy bật điều hoà ngồi cho mát vì cũng khá nóng, vào ngồi order xong thì quán tắt đi ngồi ăn nóng vãi",1
Ngon mà với giá v cũng kp là đắt còn dơ thì do xui th chứ t đi ăn nhiều quán cũng kh đến nỗi,2
Quán đông quá mà,1
Bộ chỉnh âm cá nhân hóa En… See more,1
"hồi tết cũng đi ăn 1 lần với b, đồ ăn ngon mà mỗi tội quán hơi bẩn",0
Nguyễn Công Tử nói gì đi,1
Mình nghĩ nếu bạn muốn góp ý bạn có thể nói luôn với quán hôm đó hoặc nhắn tin fb để quán sửa đổi. Chứ bạn lên đây ghi chữ bóc phốt to đùng mình thấy chưa hợp lí :)),0
Nguyễn Phương Anh,1
Mn kể cũng lạ! Ngta đi ăn ngta bỏ tiền mất tiền để mua lại những thứ k vừa ý ngta góp ý! Thì lại kêu chuyện nhỏ! Thế v giờ bỏ tiền ra ăn là k được chê à? Có điều b này dùng từ bóc phốt hơi nặng dùng góp ý thôi!,0
"Còn cá nhân mình đánh giá thì đồ ăn ở đây ngon, hợp khẩu vị, tháng ăn 31 lần.",2
"Này thì phốt cái gì k biết
quán mới chuyển đổi nhân viên dọn dẹp chậm là bình thường",1
Thủy Thủy mình ăn hôm t6 tuần trc vẫn oke đấy chứ,2
Mình ăn mấy lần thì công nhận nó lắm rác thật,1
"GÓC BÓC PHỐT 
Hi noodles_173 trường chinh nam định 
Chuyện là hôm qua bọn mình đến quán ăn lẩu vì đọc được khá nhiều cmt khen về quán cho đến khi bước vào thì phải nói là quán ngập rác giấy ăn đồ ăn vương vãi kín sàn. Mình không nói quá đâu ạ giấy ăn rơi kín sàn bọn mình không tìm nổi 1 bàn sạch sẽ để ngồi định đi về nhưng nghĩ lại thôi. Không nói đến đồ ăn nhưng chủ bật phim to x10 làm bọn mình không nói chuyện được gì chỉ im lặng ăn rồi đi về.Lẩu cũng không quá đặc sắc bọn mình ăn hết một nửa rồi đứng dậy .
Mong quán thấy và sửa đổi ạ",0
Mình đi ăn lúc nào cũng thấy đông nhưng nhắc nhân viên dọn bàn giúp mình thì cũng được các bạn dọn chứ k có thái độ. Quán mô hình gia đình và diện tích nhỏ mà đông khách nên cũng hoan hỉ. Đồ ăn mình thấy hợp vị cả mẹ mình hay bọn trẻ con đều ưng ở đây.… See more,2
Về nhà ăn cho sạch hihii,1
Đồ ăn ngon nhưng mà bàn ghế ko sạch thật kiểu ko vệ sinh lại ấy,2
Lưu Hồng Hạnh,1
"Hẹ hẹ quán này t thấy chủ take care cũng chán cơ. T thấy đặt trên sàn cao quá nên e có ib riêng, t chẳng hiểu quán đông đến cỡ nào mà rep tin nhắn của khách cũng khó khăn quá cơ :)) bảo như lúc ý đông quá không check được thôi thì t không nói, t cmt và… See more",0
"T nhớ mấy năm trc đi ăn mì cay mà đúng chán, giờ cảm nhận đc của t là k đáng tiền và kbh quay lại. Mặc dù t ở TB và rất hay sang NĐ chơi",2
"Mình thấy góp ý bình thường mà, nhiều ng ngta ngại ko muốn lộ mặt là quyền riêng tư thôi, cũng có bóc phốt quá nặng nề đâu, mấy vấn đề này quán để ý cải thiện là đc mà",0
Quán mình hay ăn hả Lưu Thuý Hồng?,2
Hi noodles_173 trường chinh nam định,1
Mai Hằng Nam Anh Phuc Mai Duong Có phải quán hôm nọ các bạn ăn đây ko.,1
"QUÁN ĂN NGON , phốt thì phốt khi nch với chủ hay nvien mà người ta ko chịu giải quyết , chứ đây cứ tâm ngẩm tầm ngầm ăn xong về phốt thì đến chịu",2
"Quán đông nv chưa dọn kịp thì b gọi nv ra dọn đc mà , hoặc nếu cảm thấy k vừa ý thì góp ý thẳng vs chủ quán , quán tiếp 1 ngày k biết bn khách đâu phải tiếp mỗi bạn đâu mà :)) đăng kiểu nhấn mạnh chữ bóc phốt để chặn đường sống ng khác thì b cũng phải … See more",0
Em thấy ngon nha ạ . Bị nghiện luôn ấy . Quán đông khách nên k tránh khỏi sai sót . Tự nhiên bác lên tus e phải chạy ra Hi ăn luôn cho đỡ thèmmmm,0
"Ẩn danh xong còn dùg từ ngữ quá nặng nề , đôi khi b đăng phốt ngta vì những cái quá đỗi bình thường ở các quán . Mình có thể góp ý ngay với chủ quán lúc đó hoặc tế nhị hơn là về nhà có sđt thì nt hoặc gđ . K bênh quán nhưng mình cũg k bênh bạn , nên có… See more",1
"Ăn 1 lần duy nhất kbh qlai , đồ ăn dở 3-4ng ăn thanh toán hết 650k hơi giật mình , mức giá đó k phù hợp chất lượng =))",0
"Nếu quán bẩn thì sinh ra cái mồm làm gì , k vừa ý thì ra góp ý với họ là xong . Sống làm đéo gì cứ phải làm quá lên thế . Ví dụ đang ăn họ mang chổi xẻng ra quét thì lại bảo họ đéo tôn trọng . Thế đx mở mồm ra bảo họ quét hộ e chưa e gái . Thẳng thắn t… See more",0
Chứ có cgi đâu mà BÓC PHỐT nta,0
"Quán có tầng 2, nếu k ưng tầng 1 thì mình lên tầng 2 ngồi. Chứ khách đang ngồi ăn mà cầm chổi ra quét thì có khác gì đuổi khéo khách đâu =))))",1
"Vấn đề này thì b góp ý với quán dc mà , làm gì đến mức dùng từ “ Bóc Phốt “ nhạy cảm thế ạ . B là khách , b bỏ tiền thì b có quyền yêu cầu , không hài lòng chỗ nào thì b bảo ngta 1 câu , việc gì ko nói mà mang ấm ức về nhà viết bài đăng lên . Câu chuyệ… See more",0
Này chỉ nên là *góc góp ý* thui ha,1
Huyền Nguyễn quán m bảo à,1
Huhu quán bán ngon / đông khách vch kun.,2
Chị chủ quán nhiệt tình,1
"Quán đông có thể nv chưa dọn dẹp kịp , bạn có thể góp ý mà, chứ vck t là thích ăn mỳ cay ở đây, trà chanh ngon nhé",2
"Êu ơi thề mình ăn mấy lần rồi quán có lối đi bé tí chị chủ thì siêu to khổng lồ mấy lần chị ý đi mà như kiểu chiếm hết cả quán
yêu cầu làm quán to hơn để chủ và khách né nhau",2
Đăng làm gì. Trên đây 9ng 10 ý mình ko ưng thì cho next luôn sau khỏi ghé,1
"T đến lúc nào cũng trong tình trạng đông nghịt, đợi bàn ăn xong là tự ra lau bàn cho sạch rồi ngồi luôn vì các bạn nv cũng có thu dọn tất bật chứ k phải k dọn, mình muốn sạch nhanh thì mình chủ động. Còn không thì đợi các bạn ấy dọn cũng được .",0
Ko nhon ko hợp ý thì cho next sau khỏi ghé quán,1
Linhh Phươngg ôi thôi luôn,0
"Có gì thì góp ý luôn với chủ quán b, mình thấy c ấy rất thiện chí nghe phản hồi của khách mà. Chắc vừa xong 1 đợt khách đông đang mệt nên chưa dọn kịp thôi chứ hay ra ăn thấy cũng đâu đến mức bẩn như b nói",2
Lẩu tok ngon ạ,2
"Một câu "" Chị ơi chị bật nhỏ tiếng tivi lại đc k ạ"" ""Bạn ơi bạn dọn giúp mình cái bàn này đc k… See more",1
"Quán này ngon lắm, rất đáng thử!",2
"Dở tệ, không bao giờ quay lại",0
Bình thường thôi,0
Cháo trai Trần Khát Chân – một bát cháo 20k giữa những ngày Hà Nội lạnh,1
"Em ăn hơn chục năm, chưa bao h bị chửi, nên cứ ăn thôi. Đến quán thì ngồi bàn chờ có người hỏi order thì mình gọi, ăn xong gửi tiền đi về :))",0
SAN FU LOU và trải nghiệm hông được vui,1
"+ Vịt quay: 6/10, không đặc sắc",0
"+ Gỏi gà: Chỉ vị mặn, và mình có thể cảm nhận được là gà này đã ướp lâu, gà bị bở và mặn, mình có bảo nhân viên và quán đã đưa một đĩa khác (gà cũ + trộn thêm rau nên không khác gì 
)",0
Bát nc châm ngon điên lun c ạ,2
Cho xin d/c,1
- Nhân viên: Không gian kín nên có thể nghe được tiếng nhân viên nói chuyện hơi ồn,0
Xin tên quán dimsum bình dân,1
Đoàn thị điểm ăn k ngon ạ,2
"Bát bún của nhà này ưu điểm là miếng thịt thái dầy, nước chấm ngon chứ còn nước dùng thì cũng bình thường. Nhà gần đấy nên thi thoảng cũng ra ăn, nói là chửi thì cũng không phải kiểu văng lz, b`, mà là kiểu nói kháy mà mấy ông Bắc hay gọi là thâm thuý ấy =))",0
"Nước dùng toàn mì chính có ngon đâu, dc cái thịt thà chất lượng thái miếng to bản",2
"Đúng kiểu Chí Phèo chửi cả làng Vũ Đại, nhưng ai cũng nghĩ nó trừ mình ra
chắc chủ thớt đợi nó chửi mình mới tính",1
quán nào vibe như ngan chị Nhàn auto né,1
Ngoài YongKang ra t từ chối hết các quán dimsum khác,1
"Anh Quỳnh Trương Hồ Phương Trang
nào thẩm đê",1
Cá nhân mình thấy bà Thảo vẫn ngon hơn bên ĐTĐ,2
"SAN FU LOU và trải nghiệm hông được vui 
Đợt này thời tiết Hà Nội lạnh nên mình đã chọn một quán Dimsum để thưởng thức, và mình chọn San Fu Lou vì xem review có vẻ là khá tốt và còn view nhà hát nữa. Nhưng trải nghiệm hôm nay thật sự là buồn luôn ạ 
- Đầu tiên mình sẽ +1 điểm vì đồ ăn lên khá nhanh và lên hết một lượt luôn
- Đánh giá đồ ăn: Vị của các món đối với mình là mức trung bình
+ Tô mì: sợi mì dính, bở, đối với mình là thua xa mì vằn thắn Phương Béo
+ Dimsum các loại: không đặc sắc, nhân không cảm nhận được độ đậm đà và độ ngọt của thịt
+ Gỏi gà: Chỉ vị mặn, và mình có thể cảm nhận được là gà này đã ướp lâu, gà bị bở và mặn, mình có bảo nhân viên và quán đã đưa một đĩa khác (gà cũ + trộn thêm rau nên không khác gì 
)
+ Vịt quay: 6/10, không đặc sắc
- Nhân viên: Không gian kín nên có thể nghe được tiếng nhân viên nói chuyện hơi ồn
=> Tổng thể: đồ ăn, không gian cảm giác không đáng với giá tiền. Sau đấy vì buồn mình đổi sang quán Dimsum bình dân ăn thấy ngon hơn nhiều chỉ với hơn 100 cá 
 ( ảnh cuối)",2
Mình vẫn trung thành cô Ban bún bung A6 Tôn Thất Tùng =))))),1
"Cháo trai Trần Khát Chân – một bát cháo 20k giữa những ngày Hà Nội lạnh
Những ngày Hà Nội lạnh sáng tối, trưa lại nắng đẹp, tự dưng chỉ muốn tự thưởng cho mình một bát cháo trai vỉa hè Trần Khát Chân, quán nhỏ đã “hot” từ lâu, nằm đối diện Nhà Sáng.
Trước đây mình ăn rất thuần: cháo – trai – rau – quẩy, thêm hành khô là xong. Nhưng dạo gần đây thấy có người ăn kèm tỏi ngâm dấm, thế là hôm nay cũng thử. Vẫn combo cũ, chỉ khác là điểm thêm chục miếng tỏi chua nhẹ, rắc thêm chút tiêu lên mặt bát, rồi bắt đầu.
Cháo ở đây nấu từ cơm, nên hạt còn nguyên, không nhuyễn như cháo xay. Quấy nhẹ tay là thấy rau xanh nổi lên, nhìn bát cháo vừa có màu sắc vừa có cảm giác rất “cháo làng”. Vị trai ngọt, cháo nhẹ bụng, ăn kèm quẩy giòn và tỏi ngâm dấm lại càng dễ vào.
Điều đáng quý là giá vẫn 20k (thêm ruốc thành 25k), hiếm có hàng cháo nào nổi lâu mà không tăng giá. Nhưng quán cũng rất “tùy hứng”: Chủ nhật không bán, mưa cũng không bán, ai muốn ăn thì phải đúng ngày, đúng duyên.
Ít người biết, khu này ngày xưa vốn là làng Thanh Nhàn, sau mở đường Trần Khát Chân thì làng bị chia đôi. Hồi ấy cả khu thân nhau lắm, còn có cái tên rất đời: Xóm Liều.
Một bát cháo trai giản dị, không cầu kỳ, nhưng đủ để thấy Hà Nội cũ vẫn còn đâu đó – trong cái rét, trong nắng trưa, và trong những quán vỉa hè như thế này.#ăn_uống_là_phải_tử_tế #bản_đồ_ẩm_thực_Việt_Nam",0
Nhà mụ Thảo này đắt bát 60k lèo tèo,0
vấn đè là ăn còn k ngon. Ngọt lử ra. Với ai cũng như bạn thì văn hóa chửi nó còn dài.,2
Fungha ăn ngon phết. Xì dầu chấm dimsum ngon,2
Đoàn Thị Điểm mình thấy ngon,2
"Đợt này thời tiết Hà Nội lạnh nên mình đã chọn một quán Dimsum để thưởng thức, và mình chọn San Fu Lou vì xem review có vẻ là khá tốt và còn view nhà hát nữa. Nhưng trải nghiệm hôm nay thật sự là buồn luôn ạ",2
"Một bát cháo trai giản dị, không cầu kỳ, nhưng đủ để thấy Hà Nội cũ vẫn còn đâu đó – trong cái rét, trong nắng trưa, và trong những quán vỉa hè như thế này.#ăn_uống_là_phải_tử_tế #bản_đồ_ẩm_thực_Việt_Nam",0
"Bh ăn ko ngon như trc, mà bán cũng đắt hơn theo giá thị trường rồi",0
Bún dọc mùng ở phố Hoàn Kiếm - Cầu Gỗ mọi người có biết đã chuyển đi đâu không ạ?,0
nhưng mà kiểu đi ăn cứ rén rén sợ bị chửi thì cũng mất ngon =)),0
"=> Tổng thể: đồ ăn, không gian cảm giác không đáng với giá tiền. Sau đấy vì buồn mình đổi sang quán Dimsum bình dân ăn thấy ngon hơn nhiều chỉ với hơn 100 cá 
 ( ảnh cuối)",2
Bà này với bên đoàn thị điểm chị em trong nhà thui,1
- Đầu tiên mình sẽ +1 điểm vì đồ ăn lên khá nhanh và lên hết một lượt luôn,1
"+ Tô mì: sợi mì dính, bở, đối với mình là thua xa mì vằn thắn Phương Béo",0
"Với tôi thì kể cả mình không bị chửi, nhưng nếu thấy chủ quán chửi người khác vô lý, tới sự sự vô học, thái độ dịch vụ kém....tôi cũng né cmn luôn
… See more",0
"Những ngày Hà Nội lạnh sáng tối, trưa lại nắng đẹp, tự dưng chỉ muốn tự thưởng cho mình một bát cháo trai vỉa hè Trần Khát Chân, quán nhỏ đã “hot” từ lâu, nằm đối diện Nhà Sáng.",2
Đã trót dại ăn San Fu Lou 1 lần. Ăn thì cũng ổn nhưng ko xứng với giá tiền lắm,2
"Cháo ở đây nấu từ cơm, nên hạt còn nguyên, không nhuyễn như cháo xay. Quấy nhẹ tay là thấy rau xanh nổi lên, nhìn bát cháo vừa có màu sắc vừa có cảm giác rất “cháo làng”. Vị trai ngọt, cháo nhẹ bụng, ăn kèm quẩy giòn và tỏi ngâm dấm lại càng dễ vào.",0
Bên Đoàn Thị Điểm là bà Dung e bà Thảo này mà.Bên đó giờ vc đứa con gái bán.Như nhau thôi,0
Ngoài hà nội cũng có bún chửi giống sg vậy kkk,1
"Điều đáng quý là giá vẫn 20k (thêm ruốc thành 25k), hiếm có hàng cháo nào nổi lâu mà không tăng giá. Nhưng quán cũng rất “tùy hứng”: Chủ nhật không bán, mưa cũng không bán, ai muốn ăn thì phải đúng ngày, đúng duyên.",0
"Ít người biết, khu này ngày xưa vốn là làng Thanh Nhàn, sau mở đường Trần Khát Chân thì làng bị chia đôi. Hồi ấy cả khu thân nhau lắm, còn có cái tên rất đời: Xóm Liều.",1
"Nếu bạn biết khu văn chương thì có hàng bún dọc mùng hà béo chỗ hồ văn chương là ngon, với mình thì hợp hơn hàng bún chửi, mà cô bán hàng nhẹ nhàng tình cảm. ĐTĐ ăn chán k nên phí mồm",0
Đoàn thị điểm k ngon là thật nhé.,2
24 nguyễn quang bích bác ơi. Ngon mà sạch,2
"Bún chửi chị Thảo
Cứ thấy bài nào review về bún chửi Ngô Sỹ Liên trên hội nhóm là thể nào dưới phần cmt cũng bùng nổ tranh cãi
Còn mình kiểu : Chưa chửi mình bao giờ nên mình kệ :)))
Ps: Thấy mng đang khen bên Đoàn Thị Điểm nữa mà m chưa thử
Xin các bác thêm vài địa chỉ bún dọc mùng ngon nữa với ạ",2
Đúng là mỗi người một quan điểm.,1
"chạy acc với CloudiPhone qua wb, bỏ qua bước cài đặt, không treo máy, không tốn tiền điện, không tốn tiền proxy. Nuôi acc trust,an toàn ngay trên iPhone trên wb",0
Cũng thi thoảng ăn mà chỉ thấy cọc thôi chứ chưa thấy chửi ai. Nước chấm đưa mồm còn lại bình thường.,0
Tôi hay ăn quán này,2
Hương Giang Đoàn vào kể cho mọi người cùng nghe,1
Phạm Vũ Ninh Trang thèm thíiiiiiiii,1
"Đừng nói chửi mình, chửi bất kỳ ai khác oang oang gây khó chịu cho mình khi ăn là next, bỏ tiền ra ko phài để đc hưởng cái văn hóa đó. 2025 sắp 2026 vẫn còn thể loại này tồn tại à",1
- Đánh giá đồ ăn: Vị của các món đối với mình là mức trung bình,1
"Ăn thử Tim Ho Wan đi b, nhà mình thấy ngon, view thành phố đẹp",2
"Chỉ ăn bên Đoàn thị điểm thấy ngon r nên cũng chưa thử bún chửi cũng k có ý muốn thử vì tiính mình cũng hơi hâm lờ, sợ chửi mình mình chửi lại lại thành k hay",0
Chỉ biết lên đây ăn nhưng k nhớ số mấy Chân Cầm,1
Tới lúc chửi mình thì mình lại lên bài búc xúc sau đúng k,1
Đoàn thị điểm ko ngon là chuẩn luôn,0
Chưa bị chửi bh nên thi thoảng vẫn ăn. Bên Đoàn Thị Điểm ăn cũng ngon,2
Phải gọi bún dọc mùng số 9 Hàng Buồm bằng điện thoại,1
"Ăn mấy lần chưa bị chửi lần nào, nước dùng thì bình thường, nhưng thịt với nước chấm thì hết nước chấm thật nha",1
Đoàn thị điểm e ăn thấy k ngon,2
Ăn ở đây ngon lắm. Ăn xong anh chị qua THẾ GIỚI DI ĐỘNG - 12 TRƯỜNG CHINH - Kiến An mua điện thoại giá rẻ nhé.,2
Bọn bị chửi chắc gu bị ngược đãi nó quen :))) chứ ăn miếng bị chửi tụt mod éo nuốt dc,1
lâu e cũng k ăn cháo quán này :)),1
"Trước đây mình ăn rất thuần: cháo – trai – rau – quẩy, thêm hành khô là xong. Nhưng dạo gần đây thấy có người ăn kèm tỏi ngâm dấm, thế là hôm nay cũng thử. Vẫn combo cũ, chỉ khác là điểm thêm chục miếng tỏi chua nhẹ, rắc thêm chút tiêu lên mặt bát, rồi bắt đầu.",0
đoàn thị điểm h chán r. xong nc nguội ý,0
"+ Dimsum các loại: không đặc sắc, nhân không cảm nhận được độ đậm đà và độ ngọt của thịt",0
Chửi lại là huề,1
còn đâu nc dùng cx bth,1
nhà này ngoài thịt thái dầy vs nước chấm có vị ngọt nịnh mồm thì oke,2
"Ngọt khé cổ thật nha, ăn 1 lần tởn luôn :))))",0
Một ngày nghỉ bắt đầu như thế là ổn rồi #ăn_uống_là_phải_tử_tế,1
"Hàng này ăn ok, hợp vị",1
1 quẩy – 10k,2
"Chỉ là một buổi lang thang Phố Cổ, hai bố con ngồi ăn bát bún riêu nóng hổi, nghe tiếng người chuyện trò, cảm giác Hà Nội cũ ùa về rất rõ.",0
"Mình cũng đang ăn ở cs Times City thấy cũng vừa vị
lần đầu ăn luôn",1
Mì này vị mặn ăn ngon mà. Mình ăn suốt thấy ok,1
Hoang Quoc Bao,0
+ 1 nạn nhânn. M cũng thấy nó siêu ngọtt,1
"Rau trần xong ăn vào hợp hẳn, nước nóng quyện rau, bún, riêu – đúng kiểu dân ăn bún riêu lâu năm sẽ thích.",1
"Bún riêu 14 Hàng Lược là kiểu quán mà trên các nền tảng thấy đông từ rất lâu rồi, nhưng lạ là lang thang khu này cả chục năm vẫn… chưa ăn. Đến khi thử rồi mới thấy, đúng là có những chỗ phải để đúng ngày, đúng tâm trạng mới hợp.",0
"Rau sống ban đầu ăn thấy hơi “xanh xanh”, cũng cuốn lắm",1
Các cao nhân cho e xin chút đánh giá,2
Bà chị dâu mềnh là con gái bà chủ quán,2
“Nước lẩu bún riêu 2–3 người: 150k / 4–6 người: 200k”,2
"Bát bún mang ra khá đầy đặn: bò, trứng vịt lộn, giò, đậu đủ cả. Nước riêu đỏ au màu cà chua, mùi thơm bật lên ngay từ lúc bưng ra. Riêu có vị đậm, dậy mùi mắm tôm chuẩn chỉnh, không gắt nhưng rất “đã”, kiểu ăn một thìa là biết quán nấu có tay.",1
"mặn mà bác nhỉ, e hay ăn cơ sở Gamuda",2
"Hỏi vui thì cậu con trai bảo: “Chỉ có nước, không có nhân”",0
"Không cần cầu kỳ, không cần sang chảnh.",0
Ai đã từng gọi rồi thì chắc phải chia sẻ thêm cho anh em biết cảm giác ra sao.,2
"Cá nhân m thấy thiên mặn nhưng lợ lợ ko được ngon. Món ngon nhất vẫn là classic thịt bằm. Mong tch thêm mấy món bình thường kiểu kem nấm, cua, ngao",2
"Bún riêu 14 Hàng Lược – một buổi Phố Cổ rất “đã” của hai bố con
Bún riêu 14 Hàng Lược là kiểu quán mà trên các nền tảng thấy đông từ rất lâu rồi, nhưng lạ là lang thang khu này cả chục năm vẫn… chưa ăn. Đến khi thử rồi mới thấy, đúng là có những chỗ phải để đúng ngày, đúng tâm trạng mới hợp.
Quán nằm sâu trong ngõ, đi qua lối nhỏ là mở ra một cái sân rộng, bày kín bàn ghế. Cảm giác bước vào là thấy ngay chất Phố Cổ rất rõ: nhà cũ, sân chung, người ngồi ăn san sát, ồn ào mà thân quen, kiểu Hà Nội xưa còn sót lại.
Gọi:
2 bát bún riêu “Đủ” – 60k/bát
1 quẩy – 10k
Bát bún mang ra khá đầy đặn: bò, trứng vịt lộn, giò, đậu đủ cả. Nước riêu đỏ au màu cà chua, mùi thơm bật lên ngay từ lúc bưng ra. Riêu có vị đậm, dậy mùi mắm tôm chuẩn chỉnh, không gắt nhưng rất “đã”, kiểu ăn một thìa là biết quán nấu có tay.
Rau sống ban đầu ăn thấy hơi “xanh xanh”, cũng cuốn lắm
“ Đá giùm em bát rau trần” bà chị phục vụ đưa cho thêm bát rau nữa.
Rau trần xong ăn vào hợp hẳn, nước nóng quyện rau, bún, riêu – đúng kiểu dân ăn bún riêu lâu năm sẽ thích.
Nhìn cái menu cũng có điểm gây tò mò:
“Nước lẩu bún riêu 2–3 người: 150k / 4–6 người: 200k”
Hỏi vui thì cậu con trai bảo: “Chỉ có nước, không có nhân” 
Ai đã từng gọi rồi thì chắc phải chia sẻ thêm cho anh em biết cảm giác ra sao.
Không cần cầu kỳ, không cần sang chảnh.
Chỉ là một buổi lang thang Phố Cổ, hai bố con ngồi ăn bát bún riêu nóng hổi, nghe tiếng người chuyện trò, cảm giác Hà Nội cũ ùa về rất rõ.
Một ngày nghỉ bắt đầu như thế là ổn rồi #ăn_uống_là_phải_tử_tế",1
Ăn ở Trung Hòa là vị hơi mặn xíu ạ. Nhưng ngon ạ.,1
Bún riêu 14 Hàng Lược – một buổi Phố Cổ rất “đã” của hai bố con,1
Ớ e ăn thấy ngon. Vì mặn béo hài hòa,2
"Mọi người cho mình hỏi 1 chút là  mì ý wafu paste heo nướng xốt shoyu butter bên The Coffee House là vị sẽ mặn hay ngọt ạ? Em lần đầu mua ở cơ sở hoàng đạo thuý mà thấy ngọt lịm đi, tưởng đâu bỏ nhầm đường vào mì ý",1
"Quán nằm sâu trong ngõ, đi qua lối nhỏ là mở ra một cái sân rộng, bày kín bàn ghế. Cảm giác bước vào là thấy ngay chất Phố Cổ rất rõ: nhà cũ, sân chung, người ngồi ăn san sát, ồn ào mà thân quen, kiểu Hà Nội xưa còn sót lại.",0
T thấy siêu mặn,0
“ Đá giùm em bát rau trần” bà chị phục vụ đưa cho thêm bát rau nữa.,2
Em ăn ở Hàng Bài vị mặn ngọt ngon mà,1
Cái cá ngon ngonn,1
2 bát bún riêu “Đủ” – 60k/bát,1
Nhìn cái menu cũng có điểm gây tò mò:,1
"Mọi người cho mình hỏi 1 chút là  mì ý wafu paste heo nướng xốt shoyu butter bên The Coffee House là vị sẽ mặn hay ngọt ạ? Em lần đầu mua ở cơ sở hoàng đạo thuý mà thấy ngọt lịm đi, tưởng đâu bỏ nhầm đường vào mì ý 
 Các cao nhân cho e xin chút đánh giá",1
